Filename,Label,Preprocessing,Contrast0,Homogeneity0,Dissimilarity0,Entropy0,ASM0,Energy0,Correlation0,Contrast45,Homogeneity45,Dissimilarity45,Entropy45,ASM45,Energy45,Correlation45,Contrast90,Homogeneity90,Dissimilarity90,Entropy90,ASM90,Energy90,Correlation90,Contrast135,Homogeneity135,Dissimilarity135,Entropy135,ASM135,Energy135,Correlation135
Caterpillar-01.jpg,catterpillar,prepo2_resize+grayscale+median,128.47938764686683,0.4885978840687233,4.601001550261097,7.766992213717634,0.002065173270690351,0.045444177522432405,0.9771448893386835,230.9051041826652,0.39978225128353806,6.326432191675625,8.10320461490468,0.0014016980097627948,0.03743925760165117,0.9589683672700959,182.54165645424837,0.44800266922797466,5.3602226307189555,7.887626004757076,0.0016623525144075205,0.04077195745126202,0.9675449778516149,331.75333026160854,0.41456791744405125,7.089284800081913,8.053575725437028,0.001494219991231334,0.03865514184725408,0.9410481907447655
Caterpillar-02.jpg,catterpillar,prepo2_resize+grayscale+median,208.16123735313317,0.39662316974901096,5.659625897519582,7.994095735634232,0.001060462435038079,0.03256474220745619,0.9711577779582661,401.66240720831405,0.30201297868748556,8.405355040188399,8.41057724811281,0.0006735314439340288,0.025952484349942854,0.9444326412075025,211.62251838235295,0.3334040349896339,6.587939133986929,8.27825540112425,0.0007899778005054149,0.028106543731049802,0.9706740114579955,350.6831515896176,0.30211447464720736,8.396129626785442,8.445878309649956,0.0006872501791033504,0.026215456873824466,0.9514852846777191
Caterpillar-03.jpg,catterpillar,prepo2_resize+grayscale+median,157.82478989882506,0.5565472702403244,4.226389115535248,7.310018341605857,0.002785871418476387,0.052781354837446025,0.9563179575836519,158.07157118722165,0.4470319992404385,5.087800133108074,7.74155063846225,0.0021183620804894276,0.04602566762676483,0.9562619874059796,67.35604575163399,0.5096338281453838,3.3334763071895424,7.434740853161587,0.002619995810739192,0.051185894646271365,0.9813532095549445,260.7589412788614,0.4945596830358535,5.731613167460195,7.568313809461097,0.002190628312341314,0.0468041484522613,0.9278480769117609
Caterpillar-04.jpg,catterpillar,prepo2_resize+grayscale+median,87.3053300424282,0.31896627408588574,4.480835917101828,8.010322074699086,0.0006695531342630603,0.02587572480652591,0.9735049076446667,155.21761122203452,0.2471206240982182,6.272318640249834,8.355836564873876,0.00045966336011081727,0.021439761195284273,0.9529461928076265,104.9814746732026,0.2957073496916478,4.9648080065359474,8.113567368474211,0.000605256460606097,0.02460196050330333,0.9681520991610629,186.2552296114268,0.2495615229664175,6.5997542620181235,8.360853332476875,0.000473710502858864,0.021764891519574912,0.9435367205899319
Caterpillar-05.jpg,catterpillar,prepo2_resize+grayscale+median,216.3769684236292,0.5484745364402004,5.7116412369451695,6.71091141862715,0.05752496283965951,0.2398436216363894,0.9769818042589393,379.3925869042133,0.3966443517992524,8.5561767265653,7.05085786017205,0.05467360035972712,0.23382386610379857,0.9597067377236619,299.69837622549016,0.42535728871462636,7.453543709150326,6.965526582378912,0.05581694194306944,0.23625609398081024,0.9681391057761451,578.928725746173,0.4395906845290963,9.899513643577533,7.065130012550796,0.05498784321897672,0.23449486821458743,0.9385148728444472
Caterpillar-06.JPG,catterpillar,prepo2_resize+grayscale+median,290.9334509627937,0.4596246579475065,6.091536798302872,7.970529601946981,0.0012222653177625155,0.03496091128335352,0.9453099680882936,487.8141196948753,0.3901047813723861,8.377023498694516,8.274252777520875,0.000890894224717889,0.029847851257969793,0.908446151017077,211.52640931372554,0.44923001397133233,5.603737745098041,7.993082356359322,0.0011757450184424266,0.03428913849081698,0.9602578500191118,425.28475912558235,0.3791787894374232,8.24098704756054,8.310831048974876,0.0008896115218525406,0.029826356161162908,0.9201816005668453
Caterpillar-07.jpg,catterpillar,prepo2_resize+grayscale+median,87.74318701044386,0.28575135761941634,5.060949738903394,8.529290549614842,0.00033128810685161827,0.01820132156882072,0.9888422834905496,216.67476578098604,0.21554112253018623,7.949265345825014,8.93170412771999,0.00022747658098166968,0.015082326776120111,0.9724306166038681,132.78177083333333,0.26306939098982046,6.148968545751634,8.697574971720444,0.00029008826816742493,0.017031977811382475,0.9831111113039865,176.51659243331795,0.23196619032539767,7.33215583883684,8.871650089514262,0.00024251570856926948,0.015572915865992132,0.977540995888088
Caterpillar-08.jpg,catterpillar,prepo2_resize+grayscale+median,192.4729520234987,0.5039608577925561,4.099441090078329,7.447455757277348,0.0022660184899146486,0.047602715152758344,0.9718396160995234,356.85317155582857,0.46053750521060943,6.06767009675933,7.688154410953848,0.0018335431249696282,0.04281989169731316,0.9478962803138257,230.03817401960788,0.5194782651131052,4.671568627450982,7.456028274151508,0.002289736663532857,0.04785119291650791,0.9663853415282009,348.7806993293401,0.42591664813493263,6.01076127578969,7.7718725388959715,0.0017192312875478081,0.04146361401937617,0.9490745169079009
Caterpillar-09.jpg,catterpillar,prepo2_resize+grayscale+median,518.1441028883812,0.5076772766808736,7.29741555156658,6.770937160865552,0.009761251421980293,0.0987990456531858,0.9027178252483228,548.7580095223468,0.46360446780062464,8.124066963600061,6.978458248316839,0.008795475043646297,0.09378419399688999,0.8972998228924078,225.8127655228758,0.5253116495419048,4.954248366013072,6.696915418534318,0.00977338521767469,0.09886043302390846,0.9576498272732272,781.6469666717862,0.4694096444816963,9.565135923821224,6.969138526967203,0.00883064013040124,0.09397148573051956,0.8537145041259686
Caterpillar-10.jpg,catterpillar,prepo2_resize+grayscale+median,313.6347401272846,0.4259923357746334,6.071281413185378,7.944795910648697,0.0013301493534172157,0.03647121266721489,0.9345620712157512,508.9683714739159,0.3386661146451045,8.792197819075412,8.333482310819784,0.0009515608807276905,0.030847380451631393,0.8939275971856827,190.87823733660133,0.40976390311331007,5.506321486928105,7.996706194696283,0.0012424680286228058,0.03524865995499411,0.9601993644756066,370.3036604720217,0.3803003377878694,7.261137562074438,8.148570931041876,0.001051231768370051,0.03242270451967342,0.9228263019832991
Caterpillar-11.jpg,catterpillar,prepo2_resize+grayscale+median,97.01684889033942,0.5817316707566896,3.3431380548302876,7.08166551489467,0.0036793688068512504,0.060657800873846805,0.9775039508619613,144.91338760047097,0.5486810020459525,4.1998464137613265,7.243175635047779,0.003205555972682979,0.05661762952193406,0.9664116313498012,128.04049223856208,0.632371169151002,3.333037173202614,6.901845891981921,0.004435074039615505,0.06659635154883115,0.9703102934144986,247.75239850509394,0.5475185579515961,4.8402395945323295,7.234095265764233,0.003137791571839634,0.056015993893169774,0.9425752139500116
Caterpillar-12.jpg,catterpillar,prepo2_resize+grayscale+median,209.52536512728457,0.3289874615598685,5.336641236945168,8.132889814068673,0.0005080045837602479,0.022538957024677248,0.9522522998768205,399.23552961654633,0.25923092266268344,7.5703680950186865,8.42258978007883,0.00037090593070512553,0.019258918212223797,0.9090166274920537,157.79760008169936,0.2984524735781323,5.3133067810457515,8.239890101278707,0.0004520872902282508,0.02126234441984822,0.9640505691562411,214.61955664772435,0.25157643635683696,6.563262171709415,8.472354714862126,0.0003549205280000236,0.018839334595468694,0.9510891703457955
Caterpillar-13.jpg,catterpillar,prepo2_resize+grayscale+median,295.90075269255874,0.43407624467775907,5.498051974543081,7.406808980739126,0.0023715520589518363,0.0486985837468795,0.9004455937692138,336.7046024676189,0.39259550510163094,6.527712076997901,7.63530500595421,0.002105524043760674,0.045885989623856586,0.8869923436040387,210.037295751634,0.43501674776295896,4.929881535947713,7.413506464197773,0.0024117501882288876,0.04910957328493995,0.9293793051815417,477.11382788102185,0.36965973438380895,7.195371934674653,7.642843876215254,0.0017177623909522702,0.04144589715463124,0.8398672900590175
Caterpillar-14.jpg,catterpillar,prepo2_resize+grayscale+median,123.65285370430811,0.6632209611108639,3.7964160411227157,5.92472838118794,0.01883577718769134,0.13724349597591626,0.9387661936165482,210.7061485690882,0.6307594208803683,5.0297650130548295,6.10873773795819,0.01629019586560858,0.12763305161911856,0.8959890503493998,145.915727124183,0.6534409964524426,4.297160947712418,5.996769736726705,0.01820945040001976,0.13494239659951116,0.927927881162097,243.0113141862489,0.6244793614453807,5.721107868734961,6.161410797166424,0.01633670912473433,0.12781513652433474,0.8800423080780483
Caterpillar-15.jpg,catterpillar,prepo2_resize+grayscale+median,224.1095075881201,0.6722339207106773,4.143388952349869,5.806246891764304,0.0193229752112742,0.13900710489494483,0.9208739960298025,309.19978497926576,0.6366298319793549,5.300517073670198,6.006290515632761,0.016881904600617732,0.1299303836699397,0.8911563896173492,172.43949142156862,0.648910528303502,4.072069035947712,5.926536798301338,0.018064003484487137,0.13440239389418307,0.93920859868767,364.70520657349095,0.6233545796562519,6.049229509035989,6.096609194573036,0.016638907891578805,0.12899189079775056,0.8716179053513944
Caterpillar-16.jpg,catterpillar,prepo2_resize+grayscale+median,67.99299322780679,0.6397494262019346,2.995910166449086,6.586551317382506,0.00692553858564612,0.08321982087006749,0.9771431467599042,120.37472994419699,0.5854961651748332,4.169272513182818,6.841613160685723,0.005484060649053573,0.07405444381705646,0.9596320838488834,74.43634599673203,0.6166523145891889,3.1978451797385623,6.685609159466551,0.006089474957798683,0.07803508799122792,0.9750210027153321,107.72824450929195,0.5813633708775013,4.001546101469309,6.844153046118814,0.005430090519743627,0.07368914791028341,0.9638730270051228
Caterpillar-17.jpg,catterpillar,prepo2_resize+grayscale+median,99.12490820822454,0.32145986629610357,5.072770479765013,7.913773559948255,0.001037891256534472,0.032216319723619456,0.9706581675550577,181.34962371371526,0.26209845503871665,6.812153791020324,8.174933263511742,0.0007705512201168465,0.027758804371169274,0.9464218759411165,105.36135620915032,0.32208871503510006,5.073406862745098,7.891620386368391,0.0010482565549708445,0.03237679037475526,0.9688151695702604,170.3394563047151,0.27299015541711646,6.731285516817694,8.169694966503629,0.000804078829466486,0.02835628377390955,0.9496747085169799
Caterpillar-18.jpg,catterpillar,prepo2_resize+grayscale+median,209.80250489556136,0.34969405326630887,5.58306135770235,7.911935883431051,0.000988670950208514,0.031443138364490815,0.9409224292566759,379.760528336661,0.25604768576864934,8.44683356371269,8.340238359045257,0.0006586802923364225,0.025664767529366448,0.8929367131175887,169.5996629901961,0.30634133347905745,5.712142565359478,8.055391395400484,0.0008503106444102698,0.029160086495246713,0.952217394984136,288.1457635795832,0.27657901393687745,7.235816310858546,8.215312771532053,0.000744089641860108,0.027278006559499687,0.9187609432935009
Caterpillar-19.jpg,catterpillar,prepo2_resize+grayscale+median,56.246970871409914,0.633831411652601,2.6081205124020888,6.77349038418595,0.0035691824144573614,0.05974263481348443,0.9810663795387491,119.19348794348028,0.5532592289402574,3.7005477909179336,7.052985710579822,0.0026550573827505853,0.05152724893442872,0.9599082513111842,55.56050857843138,0.623994546186809,2.5816074346405236,6.800745556426474,0.0034094675270962835,0.05839064588695936,0.9813045010499482,56.74783187426406,0.5770615202982642,2.987979317053192,6.990163391315828,0.0027998042418249883,0.052913176448073765,0.9809122459748428
Caterpillar-20.jpg,catterpillar,prepo2_resize+grayscale+median,481.9875163185378,0.11147839006089072,14.786431135770236,9.51359200476573,0.00011343851614720388,0.010650751905250815,0.9221597906851046,664.1681871704295,0.0918826977508428,17.820754620386012,9.681939114717123,9.316128854437913e-05,0.009652009559898868,0.8927224154269605,371.7797283496732,0.11852734208668339,13.07797181372549,9.40754261225392,0.00012750217806519392,0.011291686236572195,0.9399255648097101,748.7552756872983,0.08868808744797488,18.941893206368707,9.727706131044503,9.001497095615007e-05,0.009487621986364658,0.8790579623114999
Caterpillar-21.jpg,catterpillar,prepo2_resize+grayscale+median,32.54578369778068,0.4409880517777453,2.772590975848564,7.488246232818833,0.0010862974396978367,0.032959026680074104,0.9889653151381064,54.05152306353351,0.36099493477559036,3.772671888598782,7.793607942975841,0.0008037489541443924,0.02835046655955405,0.9816570824119023,40.00526960784313,0.388244841939959,3.2572916666666663,7.6602060221370785,0.0009147425874029487,0.030244711726233213,0.9864302892105261,70.48263963548867,0.32581049544507196,4.370214508780014,7.932503427671205,0.0007118616668439625,0.026680735875233324,0.9760808625852047
Caterpillar-22.jpg,catterpillar,prepo2_resize+grayscale+median,73.78684929830285,0.509894742506834,4.080113821801566,6.868684207238845,0.00706161287756058,0.08403340334391188,0.9650485297951786,110.97342958070956,0.45034818245596886,5.2275226539702055,7.127294649231768,0.005454469422579722,0.07385437984696454,0.9474397767865254,77.49112540849674,0.5064350032282381,4.1178002450980395,6.869312547094068,0.006769913621213397,0.08227948481373347,0.9632934478885552,130.50566733220703,0.4674594502546864,5.456161367941433,7.065967383881267,0.005956481005491432,0.07717824178802879,0.9381855209040243
Caterpillar-23.jpg,catterpillar,prepo2_resize+grayscale+median,45.67977929177545,0.3303851061574239,3.6419610802872064,7.764933356990359,0.0007961964337270836,0.028216952949017788,0.9825929320726364,74.20581579890441,0.24882840551157026,4.915568525060154,8.082260840320618,0.0005418825694228394,0.023278371279426734,0.9717505418891624,41.90119485294118,0.3242043930173454,3.4518892973856214,7.746281136816391,0.0007232126557560664,0.02689261340509818,0.9840589265571559,67.35681154968515,0.26165415545737336,4.588081707878974,8.02522324755296,0.0005581404482004418,0.023624996258210112,0.974357716767854
Caterpillar-24.jpg,catterpillar,prepo2_resize+grayscale+median,35.10986455613577,0.4025714774039472,3.1236129242819843,7.566402581477428,0.0012048762232878475,0.03471132701709699,0.9870393426768065,66.63026672810116,0.33875041499575165,4.284902472738443,7.8533676018261245,0.0008929489081757185,0.02988225072138507,0.975435405398903,37.887122140522884,0.41127222033361266,3.1137357026143797,7.538788215946627,0.0012241098196239966,0.03498728082638027,0.986030455246897,61.93058925920237,0.34531746533092444,4.129411764705882,7.811482662206304,0.0009528761884635849,0.03086869269119742,0.9771678363201245
Caterpillar-25.jpg,catterpillar,prepo2_resize+grayscale+median,20.064733599869452,0.46233430795963343,2.221228377937337,6.473185268183349,0.0038825369270330478,0.062310006636438806,0.9855972944798004,47.53027184764246,0.36702155753519533,3.3563507909691297,6.815818716218173,0.002772002613872715,0.05264981114755033,0.965933556159399,28.24712009803922,0.4327738160754725,2.6292075163398696,6.581375664281569,0.0036777324872878767,0.06064431125248169,0.9797132906847215,37.88197409512107,0.3757195505971463,3.2611375620744383,6.805032604228538,0.002935995362706762,0.05418482594515518,0.9728486177857917
Caterpillar-26.jpg,catterpillar,prepo2_resize+grayscale+median,73.35207245430811,0.5991461490287849,3.149946964751959,6.73323710699124,0.00453527376043223,0.06734444119919794,0.9877868299296368,183.61641324937284,0.4725997027210765,5.235560333794092,7.199814129209532,0.002580120329742491,0.05079488487773637,0.9694335545367263,150.12771650326798,0.5380361977027668,4.364338235294117,6.974711503801002,0.003178942260455381,0.05638210940054816,0.9750929906733427,204.95126196692775,0.5044893796396687,5.391030563661495,7.118826630832738,0.003014856427610822,0.05490770827134221,0.9658820043443112
Caterpillar-27.jpg,catterpillar,prepo2_resize+grayscale+median,126.3696556788512,0.46029841215157885,3.7431666122715415,7.180841851897282,0.0023450905336496086,0.04842613482046248,0.9571264613683874,105.03912353453129,0.4232802626649053,4.195914606051297,7.36268734180352,0.002005926648125556,0.04478757247413122,0.9643688629350246,69.97266135620916,0.49199747663875687,3.3627144607843142,7.138873778377096,0.0025150322896809194,0.050150097603902224,0.9762351889227121,232.4931346951313,0.3977597599827699,5.436973327189884,7.484037628745806,0.0019013413363298574,0.04360437290375654,0.9211334748699839
Caterpillar-28.jpg,catterpillar,prepo2_resize+grayscale+median,35.43450146866841,0.483687504261821,2.6350766971279374,7.2887507948409125,0.001795241434022538,0.04237028952016422,0.9894669074945945,133.47079301694566,0.4311376159654175,4.4042901756002655,7.576558472646575,0.0014755542270381292,0.03841294348312987,0.9603858737345026,123.72968749999998,0.5031407812041813,4.000888480392157,7.355399903069366,0.002060898709080242,0.04539712225549371,0.9633064637562561,163.70982439973378,0.3949575917461604,5.220191470844212,7.7068202471654645,0.001375527988242348,0.03708811114417056,0.9514124998377502
Caterpillar-29.jpg,catterpillar,prepo2_resize+grayscale+median,68.43476664490862,0.34857147157987234,4.347523661879896,7.722556568844447,0.0009818500096758173,0.03133448594880435,0.9708504161794972,122.95491731940817,0.290137938330783,5.78076076383556,7.980540011958625,0.0007502040510560926,0.02738985306744256,0.9475872392704341,75.75890522875817,0.3208359026290723,4.558578431372549,7.793730850067856,0.0008624302255709611,0.029367162368382837,0.967698031400072,118.39754262018123,0.2592788197951666,6.012082117442277,8.068471283725188,0.000634205828923151,0.025183443547758734,0.9495295839982681
Caterpillar-30.jpg,catterpillar,prepo2_resize+grayscale+median,141.9503406494778,0.48096833816631146,4.445751060704961,7.588837848271328,0.0015513291879152066,0.03938691645604168,0.961772392897857,218.35563405518863,0.41353013754836576,5.779767572825475,7.856734691696709,0.0011855365769261373,0.034431621758583164,0.941225753335965,126.6125,0.45230720711300976,4.417708333333334,7.673064617442355,0.0014023143809539064,0.03744748831302183,0.9658798586189209,229.36677417703373,0.39130926792144405,6.066902165565966,7.919375403544019,0.0011253257600711004,0.033545875455428205,0.9382621358455744
Caterpillar-31.jpg,catterpillar,prepo2_resize+grayscale+median,67.2456143929504,0.4078013485484194,3.8296956592689297,7.750400655071907,0.0011581962745694121,0.034032282829240416,0.978829023773672,107.97549787539037,0.39538484609897384,4.76927251318282,7.898890204668092,0.0011239444038836188,0.0335252800716656,0.9659828617436613,67.68986928104574,0.5050459580309934,3.364705882352941,7.486355840588086,0.0016281995781870756,0.04035095510873411,0.978664949715576,115.14067475554191,0.3550047251081676,4.97746377924538,7.967313893922105,0.0009112659784800676,0.030187182354106314,0.9637252459067638
Caterpillar-32.jpg,catterpillar,prepo2_resize+grayscale+median,137.30772682767622,0.47348335570688743,4.943027904699739,7.6604555502812435,0.001954658638899597,0.04421152156281886,0.9718164632170554,210.93849383095272,0.41808454377542453,6.3002918138534785,7.893601556340194,0.001491395843312514,0.03861859452792805,0.9567884573294738,135.28655024509803,0.47189272921843983,4.869863153594771,7.661589492094783,0.001921823134848643,0.04383860324928981,0.9722553866324151,226.74162699022168,0.41668617497143323,6.689305278247069,7.930813468280954,0.001522361139676411,0.03901744660631204,0.9535510576594469
Caterpillar-33.jpg,catterpillar,prepo2_resize+grayscale+median,25.09490249673629,0.5334617612542181,2.425108110313316,7.1136081039701295,0.003633400936342683,0.060277698499052554,0.9935657674494516,58.490667076229975,0.48811771146554284,3.6489120974760665,7.3702246692947,0.0034415149571082547,0.05866442667501537,0.9850080958429229,31.685641339869285,0.5141812702564048,2.7539011437908503,7.21249267910956,0.003504733161774719,0.05920078683408455,0.991874921645958,43.99407157118722,0.4671943636324168,3.2469257154558955,7.3765023228322155,0.002886143459192092,0.05372283926964483,0.9887237322549568
Caterpillar-34.jpg,catterpillar,prepo2_resize+grayscale+median,43.07096524151436,0.5920711332572973,2.851888870757181,6.284727359829851,0.06261432987516852,0.2502285552753093,0.9914756235421521,105.28469769108688,0.5074839008279518,4.5923514053140835,6.634479908590061,0.058588129637562866,0.24204984948882508,0.9791456684596942,69.5436887254902,0.5623844843870303,3.547263071895425,6.4289377920728725,0.060409922111120444,0.24578429996873366,0.9862323630562444,97.65541391491323,0.5587687084061722,4.298653560640966,6.534927377521747,0.059087386108913495,0.24307897093108136,0.9806568435570501
Caterpillar-35.jpg,catterpillar,prepo2_resize+grayscale+median,66.42882057767622,0.41891671848792444,4.159748286553524,7.593120805480303,0.004124385961504465,0.06422138243221229,0.9904422934989732,107.49285823990171,0.3699905471712064,5.417170941483643,7.827720631767384,0.00343950828982634,0.058647321250218584,0.9845206015724407,52.01359272875817,0.4376084447955771,3.7553206699346404,7.52190905130827,0.004121936024205434,0.06420230544307139,0.9925109860923351,111.06203860134131,0.37680329998546624,5.492837761736548,7.839055100634972,0.0035105529398403003,0.05924991932349191,0.9840064573356897
Caterpillar-36.jpg,catterpillar,prepo2_resize+grayscale+median,94.87394949412533,0.42124498203553706,4.176699167754569,7.741409163734083,0.0010662102912361035,0.032652875696270664,0.9703849229792116,166.77675728254746,0.35113727485355495,5.672390313827881,8.024007495257134,0.0007982912028476402,0.028254047548053007,0.9479811150398254,90.84153390522876,0.4447926169625843,3.8131842320261438,7.606411072316298,0.0011715019421950426,0.034227210552352096,0.971620013552232,176.1408078636154,0.36686791293925647,5.55930988583423,7.95632898959202,0.0008635225931532093,0.029385754935907456,0.9450606675487372
Caterpillar-37.jpg,catterpillar,prepo2_resize+grayscale+median,67.56036839099217,0.26378874761997073,4.78238209856397,8.346148167902513,0.000381015673332484,0.01951962277638797,0.9846015687138598,134.0955818358675,0.20538681026258998,6.931480059386678,8.703363389094651,0.00026735013604369136,0.016350845117109127,0.969441500337512,80.00052083333335,0.26059278535781494,5.145475898692812,8.41516842435528,0.0003634665065219308,0.01906479757358915,0.9817592349236753,145.02462499360055,0.2094358069508711,7.028270106998413,8.712271377145768,0.0002664700666359945,0.016323910886671567,0.9669504861100462
Caterpillar-38.jpg,catterpillar,prepo2_resize+grayscale+median,103.37766196148826,0.48058292414256776,3.812918162532637,7.649125017819752,0.0011787892788977128,0.03433350082496268,0.9789947542100509,176.8930834997184,0.4054344503357075,5.279137869246916,7.969238846412667,0.0008732694575088675,0.029551132931054734,0.9641028446934213,99.55373774509806,0.4290597669300404,4.284865196078432,7.841897171650107,0.0010148988044462069,0.03185747642934397,0.9797646515054914,188.34249731224082,0.36205459415004254,5.758214303998361,8.088518639875039,0.0007479848230827618,0.02734931119942076,0.961779236980897
Caterpillar-39.jpg,catterpillar,prepo2_resize+grayscale+median,29.018613332245437,0.5832835265847691,2.3738679014360318,6.885369858643669,0.004860176568200704,0.06971496660115892,0.9884433008835173,72.91693032304305,0.4710685533319073,4.2117032713868845,7.351711725850448,0.003869265120736085,0.062203417275388376,0.970998732611451,46.24549632352942,0.5043379737819337,3.3737438725490203,7.1696922437921,0.004362860290196213,0.06605195144881197,0.9816007547156635,65.90705984743767,0.48315320654532107,3.923135207085445,7.298492561657602,0.0039379631112006755,0.06275319203993272,0.9737877093743849
Caterpillar-40.jpg,catterpillar,prepo2_resize+grayscale+median,15.715812663185375,0.47493753528682037,2.172935704960835,7.360262626033944,0.0034537175102351673,0.05876833765077218,0.9969462742820011,35.34294783187426,0.4072311544828643,3.147627092612502,7.673603987520462,0.003068704629382363,0.05539589000442508,0.9931428188048306,21.036407271241828,0.45291103073720107,2.4238664215686274,7.451219213683446,0.0032698333569453793,0.05718245672359119,0.9959161723892732,32.797993139814665,0.39207353208973816,3.187774535401627,7.697111056996399,0.0030589694021348392,0.05530795062316845,0.9936364987122878
Caterpillar-41.jpg,catterpillar,prepo2_resize+grayscale+median,29.188723890339425,0.4298632830748168,2.7583428524804177,7.2034155990447495,0.0020826767886594094,0.045636353805485044,0.9903911895214887,52.21664874827215,0.3849650992003153,3.562965238314647,7.426955034959571,0.0016726256130092426,0.04089774581818957,0.9828544341597938,32.814624183006536,0.4124840423207692,2.886376633986928,7.221315026666037,0.002058282506945112,0.04536829847972163,0.9892081933955627,61.751538422157374,0.3534717470946061,3.9683407566682023,7.504526824133325,0.0015931336281343068,0.03991407806945197,0.9797236369123625
Caterpillar-42.jpg,catterpillar,prepo2_resize+grayscale+median,43.127804748694516,0.6888363517546219,2.3306645724543085,6.6885056050085,0.005368525930753825,0.07327022540400585,0.9882273680147857,107.46641068960223,0.5114133854064831,4.042133824809298,7.2682896255335425,0.003556048161681704,0.05963260988487511,0.970620637769551,71.93306781045752,0.5235787526405414,3.3036764705882353,7.159031966727278,0.0037688883327960136,0.061391272448093254,0.9803099565950009,96.22642707213433,0.5110158542607321,3.732657553883172,7.228114346401337,0.003569840703374704,0.059748143932466254,0.973693734711201
Caterpillar-43.jpg,catterpillar,prepo2_resize+grayscale+median,23.021428280026107,0.5354256741336211,2.2174955124020888,7.015941960897452,0.0032217300646278546,0.056760285980849805,0.9968014104227477,46.68744176521784,0.41225421766691783,3.5027799109199824,7.457093353334832,0.002031198043768575,0.04506881453697861,0.9935168896498142,27.485100081699347,0.4618891114549887,2.7561989379084966,7.248137375473735,0.0024103775816392728,0.04909559635689613,0.9961824244413102,47.26258127271795,0.4140016638826439,3.5304766292940144,7.464036539530653,0.0019988131774702047,0.04470808850163698,0.9934371034947097
Caterpillar-44.jpg,catterpillar,prepo2_resize+grayscale+median,57.35747796997389,0.48140812400335703,3.5530352480417755,7.2076591096171,0.009024239604534828,0.09499599783430263,0.9878116960433686,93.55571596784927,0.4262993068822322,4.968504581989453,7.51103271994068,0.007880871783681865,0.08877427433486497,0.9801725132943033,63.9781760620915,0.4490049007912432,4.270332924836601,7.3747461251604305,0.00902014657114718,0.09497445220240641,0.9864290614417924,136.98451850714176,0.41451984292325406,5.969006297035785,7.611068642345702,0.007781819392611153,0.08821462119519163,0.970968465982662
Caterpillar-45.jpg,catterpillar,prepo2_resize+grayscale+median,22.178157637075714,0.7513108646214438,1.6375244778067888,5.970305753774035,0.008709082193772972,0.09332246350034365,0.9861206595578548,56.41822556698919,0.6704607696154609,2.591429887882046,6.323664590838176,0.006740648376000017,0.08210145172894336,0.9646070492207635,43.402185457516346,0.6862595783055196,2.235539215686275,6.237279216435045,0.00712048621957634,0.08438297351703328,0.972738935704471,59.43041007525726,0.6637384182447498,2.6684380279526954,6.342917842195554,0.006688629559079225,0.08178404220310478,0.9627171991941479
Caterpillar-46.jpg,catterpillar,prepo2_resize+grayscale+median,63.56588609660575,0.27375281683630803,4.721870920365535,8.167421868625118,0.0005483104156915843,0.023416029033369094,0.9812551643871451,128.59303742384682,0.22263182747378818,6.624491885527057,8.469653735391265,0.00041429902952624996,0.020354336872672858,0.9620737330070149,107.39146241830065,0.24662765005959464,5.958660130718954,8.362999402700297,0.0004749756954456619,0.021793937125853646,0.9682932807960714,180.54774996160347,0.20798331353880367,7.827450980392158,8.613654542899056,0.0003780950425633652,0.019444666172587412,0.9467503872810362
Caterpillar-47.jpg,catterpillar,prepo2_resize+grayscale+median,72.00432441253263,0.5937635895643115,3.4171630221932108,6.968518898797663,0.004369536789927903,0.06610247188969488,0.968244388595662,160.78376081503097,0.5451556390448592,5.099984641376133,7.224938997000385,0.0036414532652335008,0.06034445513246019,0.929185690960542,96.31600285947712,0.601848441070209,3.7727226307189543,6.954279307390296,0.004462142944987772,0.06679927353637741,0.957516562099897,152.44722264885064,0.5557021414993881,4.885004863564225,7.173567906204953,0.0037424954445373867,0.06117593844427224,0.9328569092263206
Caterpillar-48.jpg,catterpillar,prepo2_resize+grayscale+median,38.74683828328982,0.4140017875132309,3.09342362924282,7.610917086059936,0.0011969525523332952,0.034597002071469936,0.9913020693092119,125.37100291813856,0.28990488578616613,5.458874724824656,8.1378686165182,0.0006565826773850621,0.025623869289884034,0.9718916516447934,126.11801470588235,0.3106789489669284,5.373263888888889,8.092846819023649,0.0007266765553579819,0.026956938909267536,0.9716953212750034,176.52426150616907,0.277441603374308,6.461618798955614,8.250013253536043,0.0006412579164540505,0.025323070833807863,0.9604225875821987
Caterpillar-49.jpg,catterpillar,prepo2_resize+grayscale+median,289.0586039490862,0.2783660506833136,7.833367330287206,8.712873116121493,0.0004278248685889024,0.020683927784366837,0.9660639836676461,446.55669891977675,0.23177105147316032,10.112261301387395,8.958972228892906,0.00034038771945518655,0.018449599438881772,0.9475638331440165,321.75880310457524,0.25903261835150126,8.44405637254902,8.796601711465964,0.0003954101416489119,0.019884922470276616,0.9621684490206219,665.4415092407719,0.21959041391356338,12.201904469359544,9.084871011306625,0.00031168101803854246,0.017654490024878726,0.9218607862676947
Caterpillar-50.jpg,catterpillar,prepo2_resize+grayscale+median,79.86561684073106,0.36497452364893807,4.534534105744125,8.076792424511623,0.0007488453912140437,0.02736503957998314,0.9847370466496678,151.8318025904879,0.28960864895487204,6.5825116469564335,8.439817449860243,0.0005372783108949316,0.023179264675457927,0.9709732474309448,74.74929534313726,0.3540451891640858,4.592738970588236,8.11598362253785,0.000727578746172012,0.026973667644056343,0.9857184302464658,128.25988839399992,0.30676979385747893,6.044826703527364,8.358535985115772,0.0005770129021115899,0.024021092858394055,0.9754796742000162
Caterpillar-51.jpg,catterpillar,prepo2_resize+grayscale+median,42.58901762402089,0.4155294273716562,3.1316294060052217,6.917245006110676,0.0023386728839239605,0.04835982717012087,0.9571927580338015,95.85258792812164,0.30263771930450933,5.080028669431219,7.399017023497582,0.0014457163672589451,0.038022577072825366,0.9037418699479539,64.1750408496732,0.34808133025905996,4.138051470588236,7.213007112399085,0.0017613354297158679,0.04196826693724519,0.9355154213041562,94.96342599703067,0.3139628785289255,4.977207802180925,7.362213397599119,0.0015254982838685863,0.03905762772965847,0.9046335005026594
Caterpillar-52.jpg,catterpillar,prepo2_resize+grayscale+median,23.730682930809397,0.7441716856855549,1.5375122389033944,5.583784646299345,0.010014870473170226,0.10007432474501252,0.973802770827607,37.23020529360569,0.6471895105177243,1.9095069881738596,5.868159571590554,0.0065791653634874716,0.08111205436608958,0.9589859762370186,32.849417892156865,0.6949961549674846,1.7749285130718953,5.741985523620204,0.008031322077229243,0.08961764378307009,0.9637408533065437,58.32312496800287,0.6827788506738686,2.432314544616802,5.847755482502176,0.00781566618372406,0.08840625647387214,0.9357493354834866
Caterpillar-53.jpg,catterpillar,prepo2_resize+grayscale+median,38.709958387728456,0.3908478440790585,3.5602562010443863,7.536208857447089,0.0012280061005081595,0.0350429179793601,0.975856996344273,83.96178774381816,0.3061031087371554,5.245830133620029,7.896961468763556,0.0008348222344846941,0.028893290475207112,0.947733868398341,63.73232230392156,0.3489142205439127,4.483486519607843,7.7407298971342104,0.0010112316368370605,0.03179986850345549,0.9602935315525616,97.80200686018532,0.30081110483202117,5.667321967951671,7.961003083968248,0.0008088583260687244,0.028440434702527394,0.9391186649624883
Caterpillar-54.jpg,catterpillar,prepo2_resize+grayscale+median,18.24497185052219,0.5576552080211233,1.75933216383812,6.463688935956068,0.004295107063392433,0.06553706633190437,0.9883672465809853,46.702595607433565,0.4290024665117323,3.137203706547893,6.970559426624368,0.0027932820620695615,0.052851509553366226,0.9701739266693093,34.36569648692811,0.5121654992374528,2.5664930555555556,6.731475805331691,0.0038014066250393833,0.06165554820970602,0.9780924376288472,50.62739978497926,0.492879203318914,2.9577125889520297,6.838245906814933,0.003352883019760578,0.057904084655234625,0.9676648063904078
Caterpillar-55.jpg,catterpillar,prepo2_resize+grayscale+median,67.31962916122714,0.40813896837086083,3.918825473237597,7.773893549116696,0.0011712097105972014,0.03422294129085344,0.9758882425841128,138.8865304868684,0.36753347442283774,5.572774279424564,8.043159881296484,0.0009828611895154723,0.031350617051590424,0.9503348121359368,88.45697508169934,0.40435306554644934,4.477256944444444,7.852523090376389,0.0012106063681770367,0.034793769099898286,0.9683465134775228,137.7759586341064,0.3299728767656904,5.81929043157733,8.139727838919498,0.0008420476205719006,0.029018056802134436,0.9507320786723858
Caterpillar-56.jpg,catterpillar,prepo2_resize+grayscale+median,118.71733232702348,0.4615080922729984,4.560042020234987,7.556565589860492,0.002390314599433953,0.048890843717755095,0.9614040516962085,228.93428556801308,0.3777074417758779,6.680274407413096,7.940651369877802,0.0015747759327902908,0.03968344658406438,0.9257496935656795,130.06788194444442,0.4082429439362718,5.263102532679738,7.778211453713382,0.0019065952948785722,0.04366457711782598,0.9577644842464503,230.53651768801515,0.3839106448876691,6.859970306660523,7.949442564246064,0.0017464446649257082,0.0417904853396764,0.9252296693365912
Caterpillar-57.jpg,catterpillar,prepo2_resize+grayscale+median,338.9846197780679,0.14133544391994768,12.128426892950392,9.395999314135288,0.00012571350455073638,0.011212203376265361,0.9493212401907775,906.5519684636256,0.10428305535922922,19.74291711462653,9.809374301102935,8.364831957838946e-05,0.009145945526756075,0.8644868689798949,545.6219362745098,0.12397420645618513,15.09136029411765,9.581047708548788,0.0001064157035788853,0.010315798736834938,0.9184744597465357,663.8925920237546,0.11596525358080151,16.851359238212257,9.672860466118712,9.662930402736279e-05,0.009830020550709077,0.900760457806523
Caterpillar-58.jpg,catterpillar,prepo2_resize+grayscale+median,68.9795304340731,0.49242383829331915,3.6619104928198434,7.3379835758101475,0.0037104957420945627,0.060913838674758976,0.980184859547834,386.50052731275275,0.3869675728274103,7.914728920288741,7.815716794936782,0.0028316267527355578,0.05321303179424715,0.8890978370756502,301.69083946078433,0.42254671978730013,6.728176062091505,7.656817471585411,0.003320602644482358,0.057624670450097656,0.9134270797085249,303.1061280909231,0.3909487315198601,7.248860902063175,7.8114554386289,0.002828489818221006,0.05318354837937204,0.9130263759339013
Caterpillar-59.jpg,catterpillar,prepo2_resize+grayscale+median,32.48117248694517,0.40996566191207895,3.2085713120104438,7.4932043980777205,0.007240944815497597,0.08509374134152052,0.9920834904412342,127.64271745251625,0.3056625423694937,5.550238058669944,7.947553599172291,0.0051909805524029875,0.07204845975038597,0.968668993805745,98.82941176470588,0.37869657196704226,4.3137663398692805,7.686520961893575,0.005316700628797952,0.07291570906737417,0.9757524286390666,118.32806020580556,0.3225257326385205,5.224491885527057,7.8954773293715,0.005224937896043192,0.07228373189067643,0.9709553567860899
Caterpillar-60.jpg,catterpillar,prepo2_resize+grayscale+median,35.61923751631854,0.5402298190521265,2.7365882016971277,7.159019447071205,0.00413604649574312,0.0643121022494454,0.9947947248705526,181.40207853376336,0.3871871591743574,6.19618082219833,7.828598764652949,0.002351921881120497,0.04849661721316753,0.9734930494245487,134.8793913398693,0.43097617678554256,5.128002450980393,7.652015024457047,0.002759661529670079,0.052532480711176006,0.9802783170618616,142.7375825526033,0.44690348162275095,5.099308861925972,7.621066444412058,0.0027517995457591146,0.05245759759805165,0.9791429247014238
Caterpillar-61.jpg,catterpillar,prepo2_resize+grayscale+median,91.27624224869453,0.413034219904336,4.234711569843342,7.9494892275039515,0.0008675274680130827,0.029453819243233682,0.982202477188114,497.64175497875397,0.33304133846827544,9.086018532739468,8.41547900754542,0.0006038271581320419,0.02457289478535327,0.9031246306260381,423.1493157679738,0.42485945251558443,7.652338643790849,8.107852374578375,0.0008688149164383891,0.029475666513895646,0.9175815714964202,468.577013259612,0.3469022980138009,8.730067065990887,8.371232142782969,0.0006336901792261167,0.025173203594817183,0.9087829117984045
Caterpillar-62.jpg,catterpillar,prepo2_resize+grayscale+median,23.729622225848566,0.40917254022586624,2.6140053851174936,7.204447686154565,0.0014049013901321153,0.03748201422191869,0.9872721396620924,36.08336661035172,0.3393603621180945,3.3925561869656486,7.485970415543763,0.0010454730248439237,0.032333775295253164,0.9806695553968667,20.327645016339872,0.41377166885110406,2.5338745915032685,7.202798558994614,0.0014308164352853075,0.037826134289473824,0.9890995963848173,41.83958429324733,0.34511700283212265,3.6176009829519273,7.515849200897829,0.0010783148311045822,0.032837704412832854,0.977585682854671
Caterpillar-63.jpg,catterpillar,prepo2_resize+grayscale+median,53.721554748694516,0.558857970465151,3.0248347748041775,7.003067556937998,0.004612534324218936,0.06791564123395241,0.9818356225767053,89.41054625505555,0.48408174534188075,4.126913428556802,7.305438306744749,0.003520249429146771,0.059331689923233864,0.9697970159732971,62.27825776143792,0.5391628885950396,3.2743566176470593,7.086190282313455,0.0043631451157107055,0.06605410748553571,0.978960521049867,102.81998668919266,0.49887616534873547,4.188214815952492,7.268490710437634,0.003688386875576138,0.06073209098636517,0.9652682293019667
Caterpillar-64.jpg,catterpillar,prepo2_resize+grayscale+median,35.321995349216714,0.4859620716589637,2.8625673139686683,7.091280036150903,0.002677000896267998,0.0517397419424179,0.9759609398825846,74.4164849229509,0.3898611115857804,4.187416167511391,7.46505648826858,0.0017187220854377133,0.0414574732157872,0.9494128195649052,35.795016339869285,0.4831386822646207,2.7611315359477127,7.0740145918737,0.002407094683384997,0.04906215123070937,0.9756613896127506,52.30916909844879,0.4510409862374024,3.4084574822095943,7.2307225288630095,0.0022133913345673867,0.04704669313105212,0.9644409080573748
Caterpillar-65.jpg,catterpillar,prepo2_resize+grayscale+median,225.29067395561356,0.47319157300794135,4.967158942558747,7.752186262933336,0.00119877511055623,0.03462333188120736,0.953521277939236,330.34116623150567,0.43332571195409697,6.350852403624635,7.9354472197719,0.0010244921575837738,0.03200768903847596,0.9319475498753013,142.85955882352943,0.4939876231636424,4.499121732026143,7.735455262523231,0.0012973260380455967,0.03601841248647137,0.9705460782101689,286.5139814672605,0.42211814780669965,6.380607177596888,8.015908241179101,0.0009522450063956787,0.030858467337113143,0.9409764186218732
Caterpillar-66.jpg,catterpillar,prepo2_resize+grayscale+median,37.07033289817231,0.42456355285759373,2.8213324086161875,7.488510745564876,0.0010423471154487817,0.03228540096465865,0.9854367829544929,76.13978395535759,0.3252474402909634,4.265868018225566,7.904914286366725,0.0006945361620239179,0.026354053995996857,0.9700824339076304,54.13307802287582,0.3721239780741262,3.480851715686275,7.708562274150623,0.0008455321253978171,0.029078035102080353,0.9787724498415099,81.1824297342958,0.30840464679283736,4.480274407413096,7.955407167812048,0.0006441691854256784,0.0253804882818609,0.9680997960455118
Caterpillar-67.jpg,catterpillar,prepo2_resize+grayscale+median,31.335029781331592,0.361237955750005,3.1309868635770237,7.800994160532927,0.0007820938940754068,0.02796594168046924,0.9922528542592203,70.45446168023344,0.2595785912706249,4.9989146572467105,8.248736730934537,0.0005067896641899886,0.022511989343236387,0.9823246256949731,57.77719566993464,0.2921079955706647,4.3512152777777775,8.106238564688862,0.0005957487534008019,0.024407964958201696,0.9855121649130576,85.66022628372498,0.2561667137048708,5.246280653253468,8.28235773539587,0.0004918543794457177,0.02217779022909446,0.9785087207849276
Caterpillar-68.jpg,catterpillar,prepo2_resize+grayscale+median,55.956725277415146,0.3023424637333315,4.273243717362924,7.640169918604477,0.0010421569644053757,0.03228245598471987,0.9635957456427475,99.10023037935801,0.261021967022661,5.5892080069625765,7.8780849895052345,0.0008263969681936527,0.02874712104183048,0.9356183400756416,71.67615400326798,0.3134403084192973,4.510651552287583,7.66276893588416,0.0010443036753525624,0.03231568775923797,0.9533628740065059,112.21114012184509,0.24625787929492376,6.0059079506476225,7.945585840927735,0.0007764400686087205,0.027864674206039455,0.9270997354882506
Caterpillar-69.jpg,catterpillar,prepo2_resize+grayscale+median,40.843902986292434,0.5035298333291485,2.71706715078329,7.267552515611565,0.0022804595670776855,0.04775415758944644,0.9906553087189116,81.19287359852557,0.47173358034182167,3.4083858086315466,7.381815911527696,0.0020223858698416868,0.044970944729254766,0.9814383129845342,80.03483455882352,0.5206833106919451,3.2817095588235294,7.276517299372712,0.0026292506583839277,0.05127621922864368,0.9816879750299977,119.22520862130752,0.43219307042386546,4.5465417498592124,7.623744657814983,0.0017914940072994916,0.042326044078079064,0.9727435575571577
Caterpillar-70.jpg,catterpillar,prepo2_resize+grayscale+median,64.4647621573107,0.3021644268370161,4.437265421018277,8.01821132275117,0.0006395200876261278,0.02528873440143116,0.984654556435532,198.83158756975376,0.23557893738621083,7.574494445297701,8.458052112045577,0.00044834742567471426,0.021174216058090892,0.9526325540372853,117.62278390522877,0.28191612898829477,5.702971813725491,8.20396154958902,0.0005683296304973516,0.02383966506680309,0.9719597839705099,108.5362207546204,0.24457344181965227,5.9283059437874375,8.292800165844177,0.0004843360737176625,0.022007636713596998,0.9741436651734254
Mouse-1.jpg,mouse,prepo2_resize+grayscale+median,263.5310256201044,0.2501504905140039,8.886137402088771,8.547676462550687,0.0014145886391993105,0.03761101752411533,0.9691580128356319,509.08641785696005,0.20624451161000804,12.570163313367123,8.822567011711369,0.0011890770360282435,0.03448299633193501,0.9403814158197012,338.4539522058824,0.2558336275322901,9.605729166666666,8.554972346753178,0.0015053835672511108,0.03879927276703921,0.9603832230009796,506.5424768340757,0.21162501816777102,12.42716428607997,8.798131679867625,0.0012515024155294763,0.03537658004286842,0.9406819233398718
Mouse-10.jpg,mouse,prepo2_resize+grayscale+median,144.05951166775458,0.21157381903594347,7.0225501795039165,8.86031112262923,0.00025684225700557385,0.016026298917890362,0.9812308015627982,233.97709517227253,0.17213444295367733,9.216699943685047,9.120649337804103,0.0001958782678706555,0.013995651748691645,0.9695288133650323,170.19896854575165,0.19952606118160443,7.62748161764706,8.934952307900168,0.00023807267345425377,0.015429603800948804,0.9778522476342725,319.78005426713764,0.16961440981486953,10.412215225515794,9.207488648739531,0.0001869628277139062,0.01367343511023862,0.9583545575838458
Mouse-11.jpg,mouse,prepo2_resize+grayscale+median,296.4960121573107,0.15602263370835823,10.235731478459531,9.034036453272286,0.0001954079187921864,0.013978838249017205,0.9252823654219343,595.7691189269442,0.11437017158409618,15.296257615317668,9.400216400402371,0.00013324237203484027,0.011543065972038809,0.8498331677234743,408.31816789215685,0.13880528616671417,12.175296160130717,9.184342307555795,0.00017057095594910074,0.013060281618292185,0.8971127748577706,532.2190549326781,0.11946767261743942,14.26027747913787,9.332288497329788,0.00014223088484358374,0.011926059065910403,0.8658478423876593
Mouse-12.jpg,mouse,prepo2_resize+grayscale+median,104.3611904373368,0.2609147083872232,5.910166449086162,8.43573636944732,0.0004162896800872882,0.020403178185941725,0.9714692982808869,265.27697742282294,0.1879880811348673,9.479260738237855,8.866905552620986,0.00026431814517999534,0.016257864102642614,0.9275873314683848,196.65406454248364,0.21647196336160324,7.917708333333334,8.691357340341174,0.00032103162445533764,0.017917355397919013,0.9463173621872897,253.9404392566426,0.1952020083913908,9.321711974607076,8.85023045451726,0.0002786344615779632,0.016692347395676953,0.9306822959650908
Mouse-13.jpg,mouse,prepo2_resize+grayscale+median,54.9585305156658,0.2538394667212207,4.816212467362924,8.244085046104525,0.00041403584931185727,0.020347870879083574,0.9823027835699607,130.16479803409612,0.19382997434089527,7.267854400245739,8.623085054797116,0.0002937486013355799,0.017139095697719292,0.9580850699829879,88.88208741830064,0.22071206034913746,5.921343954248366,8.433203041876954,0.00035306620350346015,0.018790055973931002,0.9713789864168603,130.8595095479445,0.1906997230120268,7.258239901704808,8.625618314064239,0.0002887630440482706,0.016993029278156106,0.9578613475180794
Mouse-14.jpg,mouse,prepo2_resize+grayscale+median,109.08557033289816,0.23564086440332438,5.994880058746737,8.536900233100067,0.0003392032480547707,0.01841747127199526,0.9784015984282032,227.82317104387445,0.17710669662136375,8.996406082015053,8.912371486772965,0.000233277312452021,0.015273418492663029,0.9548105709857168,136.51015114379086,0.2074764771785783,7.05763888888889,8.699892935060396,0.0002874599679877399,0.016954644437077997,0.9729084559088402,188.4282701069984,0.17953885720246165,8.350125428761583,8.862840170432724,0.0002387422452073979,0.015451286199129118,0.962624564208902
Mouse-15.jpg,mouse,prepo2_resize+grayscale+median,180.2847482865535,0.2221802966728908,7.132639115535248,8.767460867008698,0.00035579819146768415,0.018862613590584,0.9697855634704026,270.21026979982594,0.17765891310232867,9.256314954180105,9.026206187780652,0.00028231372726721397,0.01680219412062645,0.9546199660769433,133.72428513071895,0.20890969284534647,6.900265522875818,8.79112097507503,0.00033104494648826316,0.01819464059794156,0.9775566338146492,274.96907797061385,0.17228637452836054,9.552296114268161,9.065841066933801,0.0002642743225565614,0.016256516310592543,0.9538223575553656
Mouse-16.jpg,mouse,prepo2_resize+grayscale+median,12.31238781005222,0.3917793012375678,2.2908677382506526,6.945169900393132,0.001751525417883589,0.04185122958628084,0.9899446219079949,46.715425177904066,0.2636339550344133,4.267260533456202,7.513116241761978,0.0010366242621716332,0.03219664985944397,0.9618069730716233,39.22291666666667,0.29362925398802947,3.79624183006536,7.396839359387614,0.0011858104350723818,0.034435598369599765,0.9679100276473395,47.181416065120565,0.26080290708448567,4.318056622126658,7.529072876501534,0.0010244815164443517,0.03200752281018248,0.9614257303271744
Mouse-17.jpg,mouse,prepo2_resize+grayscale+median,162.22032065926894,0.17295384779450979,7.66004406005222,8.236505749670405,0.0005271266740681498,0.022959239405262313,0.9079200372223638,211.3110735678083,0.14620540142149419,9.212880765883376,8.420102051752302,0.00042630857754283086,0.0206472414027354,0.8800479226804083,176.80839460784313,0.17210604861410966,7.886315359477124,8.253205049180394,0.0005291073007276848,0.023002332506241292,0.89971465371923,336.5331490298469,0.1344746262411661,10.82492192699534,8.516253167862645,0.00040547149671339895,0.02013632282005329,0.808974080409428
Mouse-18.jpg,mouse,prepo2_resize+grayscale+median,78.98430360639686,0.20808046062648924,5.838375081592689,8.22004956950065,0.00046483140308082704,0.02155994905097939,0.9600226224257014,140.5381866584754,0.159411101432535,8.038273690677315,8.527808289905066,0.0003327891071971061,0.01824250824851413,0.9288643274257398,90.42335580065361,0.1961155933918743,6.233956290849674,8.280977930449518,0.00042917625332404216,0.020716569535616704,0.9541944659873044,132.27315824502122,0.16433410354295364,7.761183637946038,8.494568685973723,0.00034512124423834373,0.01857743911948963,0.9330500282637899
Mouse-19.jpg,mouse,prepo2_resize+grayscale+median,128.08068497062663,0.18114404101346998,7.077849624673629,8.804199414821122,0.00023802021630637353,0.015427903820881614,0.9746430768244877,234.3161111964368,0.13998769075602951,9.82993907745866,9.114052111088958,0.00017224052301630102,0.013124043699115797,0.953704722456438,139.9291462418301,0.1701777889550199,7.541564542483661,8.87227063750003,0.00021962440702894725,0.014819730329157385,0.9723746958348457,219.797839553576,0.14428240795496033,9.512414887626068,9.08325467852656,0.00017928789280065825,0.013389842896787784,0.9565738679983832
Mouse-2.jpg,mouse,prepo2_resize+grayscale+median,116.36698351827677,0.18524681606893306,6.972034105744126,8.58178896000745,0.0003129617799365281,0.01769072581712034,0.9592794978633525,276.3793682486049,0.14080470567090717,10.708616187989556,8.968670803774849,0.0002167496834110316,0.014722421112406464,0.9033087704642602,192.52127246732024,0.16778503242774062,8.755810866013071,8.777650966162524,0.0002666380860793391,0.01632905649691185,0.932622503309479,269.40503762862846,0.14288634048088417,10.547821635181489,8.951216128880972,0.00021885107255962587,0.01479361593930388,0.9057498079056998
Mouse-20.jpg,mouse,prepo2_resize+grayscale+median,254.89534717689295,0.14776352984598792,9.913868717362924,9.029583688307202,0.00018632612604235727,0.01365013282141816,0.9335584625877357,359.27289202887414,0.12073170562507682,12.284431474939844,9.2379547242708,0.00014586837226623526,0.012077597951009765,0.9063517929695023,230.0883782679739,0.14632615079097683,9.704575163398694,9.02312444941008,0.00018500486174521556,0.013601649228869842,0.9400614610233747,431.9732759944709,0.11545665878700664,13.33568832232632,9.305131494995067,0.0001381526026356965,0.01175383352935103,0.8874018452435439
Mouse-21.jpg,mouse,prepo2_resize+grayscale+median,130.90719851501305,0.17157755740231756,7.515206837467364,8.596774947956337,0.0003010119622997837,0.01734969631722076,0.956934064454288,333.16661035171245,0.12314493142886797,11.889428147238007,9.000158342392314,0.00020261714945057557,0.014234365087722585,0.8904756422135985,267.54485294117643,0.14133358203631735,10.3234272875817,8.862311546610906,0.00023935887288943354,0.015471227258670643,0.912033108384935,338.41014693083497,0.12194913325624118,12.064639328316183,9.013797704618263,0.00020047303848607368,0.014158850182344387,0.8887468752161382
Mouse-22.jpg,mouse,prepo2_resize+grayscale+median,114.03760403067885,0.20250892519219252,6.448504813968669,8.277907491866033,0.00047828526554066444,0.021869734007085327,0.9555653553031219,256.8029386167,0.15172660274561428,9.667424358777453,8.644604948221666,0.00033063781477397924,0.018183448924062214,0.9000384275508817,197.58604983660132,0.17620892442134664,8.165645424836601,8.47611662663741,0.000397239553713983,0.019930869366738196,0.9230246696883704,273.8570828853735,0.15390355322613103,9.839922182972407,8.647852636092718,0.00033674740138460983,0.018350678499298324,0.8934005337786542
Mouse-23.jpg,mouse,prepo2_resize+grayscale+median,153.7411369941253,0.21270757093275564,7.342332327023497,8.429340946980028,0.0005552016746626523,0.023562717896343205,0.9635884051061429,279.10330210413144,0.15981112009503962,10.311861977166846,8.757178152064466,0.00038653136934907695,0.019660401047513678,0.933961382612905,187.00274714052287,0.18803864287797747,8.2734170751634,8.565029612802551,0.0004593252582640491,0.021431874819157776,0.9557087566892122,270.957446372805,0.15994294566864578,10.259714329596068,8.755802367507268,0.0003873672491974975,0.019681647522438193,0.9358892289544425
Mouse-24.jpg,mouse,prepo2_resize+grayscale+median,90.7104581429504,0.3261603645938619,5.251988821801567,8.29235355852427,0.0006663174978950737,0.025813126464941702,0.9868774849394533,168.11813853478728,0.2557189995323183,7.537459683612347,8.654394847142346,0.0004644333163811595,0.021550714985381796,0.9756408578390792,120.53580473856209,0.2933038168992821,6.191687091503268,8.45940657556058,0.0005888056230543007,0.02426531728731979,0.9825332565401868,188.64805201453947,0.25803751119681945,7.764357753545283,8.660189057453186,0.000465040962135762,0.021564808418712233,0.9726667422635273
Mouse-25.jpg,mouse,prepo2_resize+grayscale+median,37.5819496573107,0.39127704670547186,3.3200575228459526,7.697484266922093,0.0008797240243122776,0.029660142014364625,0.9857060466251859,84.49347258485639,0.32269283366100504,4.9370910766395335,8.039979642266722,0.000643661241381329,0.025370479723121692,0.9678738869427649,51.68398692810458,0.41167998109974124,3.6716299019607845,7.722647447182945,0.0009148252399918303,0.030246078092735103,0.98031863987657,72.93896482875134,0.331475393095477,4.672052424102801,7.993725332964924,0.0006614446821323781,0.025718566875554676,0.9722666658156903
Mouse-26.jpg,mouse,prepo2_resize+grayscale+median,90.8396295691906,0.26562028119937175,5.535941579634464,8.396129646179137,0.00040838743753259454,0.020208598109037513,0.9747342847679293,188.32531613167458,0.18357543626834072,8.376532022730764,8.806195267821352,0.00025609228230946034,0.01600288356232902,0.9475268370837746,110.70235906862746,0.22702941623198103,6.258731617647058,8.53293847175205,0.0003378048331771434,0.018379467706577998,0.9691471768517088,156.57512926841753,0.20949049740095108,7.484974146316491,8.695846215947114,0.00029392614586377507,0.01714427443386786,0.9563735165819481
Mouse-27.jpg,mouse,prepo2_resize+grayscale+median,92.80919549608356,0.24821103519669202,5.792326207571801,8.367553335364256,0.0004311634340911618,0.02076447529053315,0.9741470247912211,160.38701684329087,0.1920802695582636,7.9088312087237,8.676287407907775,0.0003053359634560628,0.01747386515502689,0.9553277783322893,116.73684640522877,0.22468715547222332,6.4225898692810475,8.466836578641738,0.00038088878576348847,0.019516372249049986,0.967476538343292,194.4462294578406,0.18763404136698553,8.416986637997237,8.716999994048878,0.0002983225614468075,0.017272016716261235,0.9458421620363519
Mouse-28.jpg,mouse,prepo2_resize+grayscale+median,63.0279352969974,0.34442864201616474,4.335784513707572,7.958587512336197,0.0008413174663557979,0.029005473041407166,0.9803100403359137,124.20008191266062,0.26038987097328237,6.447048584446834,8.355393058208001,0.000556860628402424,0.023597894575627377,0.9612238990254822,80.45032679738564,0.305823224664549,5.0376633986928105,8.117543207823223,0.0007074669986203225,0.02659825179631779,0.9748791874299559,122.60593866789534,0.2701597465616407,6.2427584088465675,8.30638001367497,0.0005868921254674523,0.024225856547652806,0.9617217159383183
Mouse-29.jpg,mouse,prepo2_resize+grayscale+median,66.44083510117494,0.2675681189134228,5.05414694843342,8.192768875905974,0.0005165425528476435,0.0227275725243072,0.9736729235953088,117.7295346336968,0.22389464391742075,6.7800849843853985,8.467182713833761,0.0003979772514927074,0.019949367195294877,0.9533434427545485,73.42892156862746,0.24910408181266042,5.416870915032679,8.268449668328273,0.00046801749469020995,0.021633711995175723,0.9709514510000647,125.64088465673476,0.201359650445402,7.223109609378999,8.54262647488618,0.00035130542366374325,0.018743143377345842,0.9502085112272841
Mouse-3.jpg,mouse,prepo2_resize+grayscale+median,76.08199045365535,0.21235512180585575,5.564896785248042,8.177370033472759,0.00047158483375183313,0.021716004092646353,0.962174509975793,120.23590846260174,0.17579541242284133,7.085097015307429,8.406680301851402,0.00037143347960732706,0.01927260956921317,0.9401660021828557,75.61529820261438,0.2240296687438026,5.349101307189542,8.1255971515324,0.0005057764825360972,0.022489474927976802,0.9623364534960572,134.31379716377413,0.17627666937265246,7.247826754722777,8.410227167340297,0.0003755421126513007,0.01937890896442059,0.9331600718715498
Mouse-30.jpg,mouse,prepo2_resize+grayscale+median,77.25462018603133,0.30588996206203617,5.057002692558747,8.16396213210723,0.0005503484541587294,0.023459506690438513,0.9719577436859271,151.97460707520608,0.22434124206227057,7.376091742179903,8.533939570050244,0.00036136476009869626,0.01900959652645727,0.9447496668513818,84.39507761437909,0.28099838348849426,5.343831699346405,8.228172943025127,0.0004906058475439467,0.022149624094867766,0.9693208566092345,124.30572876670249,0.2584334892353767,6.46431167767368,8.39286605408409,0.00043007260541161855,0.020738191951363998,0.9548080928599937
Mouse-31.jpg,mouse,prepo2_resize+grayscale+median,78.5157881853786,0.3378924697782992,4.3474624673629245,8.095013225462713,0.0005604855435909209,0.023674575890412924,0.9814260179083628,130.57531357190396,0.30311041663312366,5.6974146316490035,8.334684882918522,0.0004546696253961685,0.021322983501287255,0.9691258793934419,99.0984272875817,0.3850377157227921,4.636172385620916,8.055090118735183,0.0006514548253175864,0.025523613092929973,0.9765626513641734,169.6157374699227,0.2772405173296348,6.4324476526903185,8.42090633353503,0.00041549309117601624,0.020383647641578195,0.9598945254427099
Mouse-32.jpg,mouse,prepo2_resize+grayscale+median,67.88739188968668,0.2769795592014215,4.877825146866841,8.31781491515775,0.00039597618114937787,0.019899150261993046,0.9851898274501267,157.08484103824298,0.21769895786171417,7.36459325244458,8.692470165317118,0.00027774511393540053,0.01666568672258664,0.9657048858758025,92.58347630718954,0.2567112705350853,5.582209967320261,8.436307816851125,0.00035368445529764187,0.018806500346891814,0.9798061857039491,131.02614037782214,0.2189754189567596,6.871141145753341,8.64436304396301,0.00028426409610706,0.016860133335981065,0.9713943624274873
Mouse-33.jpg,mouse,prepo2_resize+grayscale+median,61.089129813968675,0.2499201123884068,4.865076289164492,8.396306969863389,0.00035439874012060057,0.018825481139152875,0.9889500104382656,97.16758306455742,0.21839492637181632,6.082711309066706,8.589605672951677,0.00029122114725484193,0.017065202819036226,0.9824065186904026,51.147497957516336,0.2822354261144819,4.322212009803922,8.266112784111584,0.00040940872642800314,0.02023385100340524,0.9907680249951933,100.83466953360978,0.21316238674958665,6.2665847540060415,8.637938221108598,0.0002852591212721622,0.016889615782253963,0.9817425995050162
Mouse-34.jpg,mouse,prepo2_resize+grayscale+median,36.25009179177546,0.3372969901749309,3.4484232212793735,7.77932958336387,0.0007394372314518035,0.027192595158458184,0.9875108006144344,62.128981723237594,0.2638200467925395,4.671079711257871,8.08182490922452,0.0005203022338354271,0.022810134454567057,0.9785882179306309,41.52045547385622,0.2980734028264444,3.898437500000001,7.9154536104445565,0.0006086431308804843,0.024670693765690584,0.9857061784248796,77.80753596477757,0.24761406529785657,5.293820713664056,8.194868875303085,0.00047862041894328417,0.021877395159005657,0.973184489801751
Mouse-35.jpg,mouse,prepo2_resize+grayscale+median,102.33923180483028,0.21773771574296183,6.305166857049607,8.352838008461474,0.0004060325500073442,0.020150249378291678,0.959704419561381,225.40823222239288,0.15534237776532436,9.673055854195464,8.765591496973643,0.0002608513353433502,0.016150892710415428,0.9112043831775325,146.76739174836604,0.18149211731836834,7.738020833333334,8.563602208028533,0.00032182258626489816,0.017939414323352314,0.9421818036572536,204.0927251318282,0.16222890526912181,9.187897404392565,8.719844703076394,0.00027279598813527634,0.01651653680815916,0.9196027135588495
Mouse-36.jpg,mouse,prepo2_resize+grayscale+median,191.84119002937337,0.1449371438558082,9.451074983681462,8.73831026179083,0.00025512845311299014,0.015972740939268693,0.9241233367705289,356.7691189269441,0.11052053011733771,13.19795218348436,9.034244736660064,0.00018681175498575187,0.013667909678723805,0.8590943645522667,227.78313929738567,0.13921532581912502,10.11686070261438,8.79326908526704,0.00024498342067287164,0.015651946226360212,0.9099704796530449,322.22177852864377,0.11548361095017184,12.43608252700558,8.978639860003078,0.0001960218970431547,0.014000782015414522,0.8727392146830197
Mouse-37.jpg,mouse,prepo2_resize+grayscale+median,64.12012483681461,0.5515880540494773,2.9636096605744116,7.3049535660874385,0.0016478086858946151,0.04059320984961173,0.9851330614089908,114.71251727845186,0.4754004778119175,4.097680847796038,7.596932417728651,0.001256223464494,0.03544324286086136,0.9733921068510896,71.36468545751634,0.5291748082759347,3.1768586601307196,7.3804895657628755,0.0015328780943460588,0.039151987105970225,0.9834532281855531,110.47745865970408,0.4561440552673034,4.128080683970715,7.619296146989351,0.0011979106494921926,0.03461084583612762,0.9743746538613282
Mouse-38.jpg,mouse,prepo2_resize+grayscale+median,95.57670732702348,0.3528305201120444,4.980529944516972,8.325204226318068,0.0005382516543423713,0.023200251169812176,0.9843201921690153,300.65663236574,0.21326370492880128,9.577514974658271,8.940482463041418,0.00028687636478674084,0.01693742497508818,0.9507085961360321,216.69622140522878,0.24582291731337846,8.000510620915033,8.771231004023527,0.0003422441897680914,0.018499842966038696,0.9645006271527518,269.76601648492294,0.21492722088616056,9.242144063891875,8.924902834291156,0.00028719219170802106,0.01694674575569071,0.9557731075514889
Mouse-39.jpg,mouse,prepo2_resize+grayscale+median,107.8679320332898,0.2802193148990804,5.72553239229765,8.06199336974857,0.0010115335965587432,0.03180461596307591,0.978004878432203,188.3007013771566,0.23338710232165297,7.687503199713305,8.30986399354943,0.0008233693805600625,0.028694413751809995,0.9616118549671425,103.07592933006538,0.27642750458868576,5.6578533496732035,8.06212196110654,0.0009874231544725056,0.03142329000077022,0.9789673251761776,162.34539497261045,0.24061477547955143,7.124179593508423,8.259807733432659,0.0008163782567983667,0.028572333765346625,0.9669037760906185
Mouse-4.jpg,mouse,prepo2_resize+grayscale+median,170.31115372062663,0.1838532727398395,8.037471442558747,8.739573922771061,0.0002527442315646325,0.01589793167568135,0.9488601329534616,280.4286182358061,0.1447238571345158,10.671345927404904,9.009734286497917,0.0001888275956637189,0.013741455369200123,0.9158274894528894,160.9380412581699,0.17785552604670218,7.966145833333334,8.744540915885313,0.0002478182219579008,0.015742243231442615,0.9516812050907235,267.3796242256694,0.14553130047065244,10.403307223672758,8.99084642421293,0.00019222143768718203,0.013864394602260209,0.919743317073579
Mouse-40.jpg,mouse,prepo2_resize+grayscale+median,81.13898294712794,0.30361981753066825,4.957663593342037,8.216800763783317,0.0005602739641476557,0.023670106973726495,0.9891759329797422,166.14873291353095,0.2448284007245475,6.944432498848103,8.506329610119495,0.0004153163853583174,0.020379312681204863,0.9778299783305708,125.60586192810459,0.2822967602002767,5.8103758169934645,8.303035464608165,0.0005148245683417703,0.022689745885350287,0.983227635201839,191.3273844263554,0.23477533196047065,7.441795935084216,8.5537539279321,0.0004035230149721697,0.020087882291873617,0.9744703007112647
Mouse-41.jpg,mouse,prepo2_resize+grayscale+median,20.762402088772845,0.4416890269698333,2.4656494778067883,7.256585058701242,0.0014715227013782932,0.038360431454537804,0.988327948211315,52.149982081605486,0.3390379879247328,4.019822863871397,7.703067173200601,0.000995562883369162,0.03155254163089183,0.9707300321218536,38.11032475490196,0.3874068369309744,3.3644914215686272,7.521004109422122,0.0012290102577233919,0.03505724258585367,0.9785946617670482,53.975989351354116,0.33818176250347376,4.056325193262683,7.711687182612079,0.000981390877595972,0.03132715878588373,0.969705121137048
Mouse-42.jpg,mouse,prepo2_resize+grayscale+median,58.5911798302872,0.3223485225144841,4.36290388381201,8.129621820609238,0.0006481653547448545,0.025459091789473844,0.9882157100466746,134.5604976194133,0.23962673330910184,6.77512926841755,8.535340912364411,0.00042836635374561517,0.02069701316000971,0.9728796621081343,78.34763071895426,0.2804172268797186,5.245976307189544,8.309516396735837,0.0005332414424273252,0.023092021185407857,0.984218769012745,112.78517380842675,0.24667646365078402,6.360825270055803,8.499537737650172,0.0004350297513808641,0.02085736683718403,0.9772677719759417
Mouse-43.jpg,mouse,prepo2_resize+grayscale+median,149.83805890992167,0.23376250884773397,7.006670202349869,8.792446503798502,0.00026331394582698134,0.016226951217865337,0.9783724928155284,271.14957251830236,0.1762526567443277,9.985102134848718,9.14312227857746,0.00018103980176930644,0.013455103186869525,0.9607850409161174,178.9138786764706,0.2125749090695388,7.923662173202613,8.9150779356468,0.000236513068641468,0.01537898139154437,0.9741159566300839,270.2931244560487,0.1763519256420088,9.9632212153791,9.135524438328726,0.00018395867155480774,0.013563136493997536,0.9609084214727508
Mouse-44.jpg,mouse,prepo2_resize+grayscale+median,26.054524314621418,0.4903749332356441,2.6467648498694523,7.3159138315906285,0.001612596207773387,0.040157143919524296,0.987878165492236,48.34538473352787,0.3959577329004541,3.737367531869144,7.654674841159883,0.0011187586568847127,0.03344784980958735,0.9773824586377665,27.61623774509804,0.4551708147214909,2.791666666666666,7.394164355941847,0.001415090854645916,0.03761769337221404,0.9870698764575198,47.39127630164337,0.4080435009236156,3.6529462960118773,7.623529541286393,0.001148055129038506,0.03388296222349082,0.9778282252047081
Mouse-45.jpg,mouse,prepo2_resize+grayscale+median,66.79251999020887,0.3449534714212985,4.616973319190601,8.177132746205428,0.0007044142282351501,0.026540803081955718,0.9890754408772583,123.29080018430349,0.2730319217851881,6.548814826191572,8.5270965568604,0.0004914455080787491,0.02216857027592779,0.9798034810959475,88.50441176470588,0.3109105767090313,5.416462418300654,8.341851631434821,0.0006085090616022417,0.024667976439145586,0.9855084054033598,144.99626273485896,0.2700593520405774,6.933845287462243,8.558938745189247,0.0004792067824190418,0.021890792183451056,0.9762480052117806
Mouse-46.jpg,mouse,prepo2_resize+grayscale+median,51.6544039654047,0.37954395921723666,3.85563193537859,8.010297973243059,0.0008501288555841088,0.02915696924551845,0.9874716952947274,120.91758562432804,0.30455466861564606,5.923411662315057,8.39274624066232,0.0006082681302101924,0.024663092470535653,0.9706301350515923,82.35378880718955,0.3263605046975029,4.963674428104577,8.261255464047958,0.0006534422420162919,0.025562516347501705,0.9800134672047143,123.75107766344135,0.28428747092478845,6.22782982644755,8.471605211313534,0.0005314868052400399,0.02305399759781457,0.9699426394858615
Mouse-47.jpg,mouse,prepo2_resize+grayscale+median,134.96282433093995,0.3336549575298712,5.897937744778067,8.412377240965428,0.000895378614644013,0.02992287778012023,0.9790218582981027,259.8506834587621,0.2611654022241707,8.565105206573492,8.778828517649181,0.0005769439705926712,0.024019658003241247,0.9596257835418276,219.70695465686273,0.27449432012755043,7.6187602124183,8.671878528723305,0.0006256745181307136,0.025013486724779366,0.9658644713830173,368.94608099114316,0.2437627162449807,9.84826703527364,8.883116469736127,0.000545216915420468,0.023349880415549626,0.9426757636261545
Mouse-48.jpg,mouse,prepo2_resize+grayscale+median,186.7145887728459,0.17574302042426782,8.522397193211487,9.004273274374881,0.00019391427610494707,0.013925310628669906,0.9679811899202635,318.5261250191983,0.13643383094638245,11.601965903855014,9.306203797390829,0.000137249049334102,0.011715333940357911,0.9454084959003408,205.6341605392157,0.16125371894345827,9.112510212418302,9.07856418763483,0.00017473049311295873,0.013218566227581519,0.9647605423681112,361.3532893052783,0.1377465298191159,12.024665949930887,9.315176874939919,0.0001413793315927627,0.011890304100096125,0.9380680537152717
Mouse-49.jpg,mouse,prepo2_resize+grayscale+median,74.34064947780679,0.3631435955478931,4.338222095300261,7.984558575326311,0.0009326840024990158,0.0305398756136795,0.9823543296976104,195.41198996569906,0.2761817431685251,7.1974402293554505,8.451431794893136,0.0006072147622461882,0.024641728069398627,0.9537202851353076,134.24330065359482,0.3153817828403664,5.841666666666667,8.262964414457798,0.000735557615143348,0.02712116544589019,0.9681944291044111,166.47564634208774,0.27545177899273754,6.8035836789023705,8.431812358206809,0.0005939632936621434,0.02437136216263144,0.9605732399658085
Mouse-5.jpg,mouse,prepo2_resize+grayscale+median,36.20956062336814,0.30915442525003073,3.7126407473890337,7.43880158686424,0.001138517461950618,0.03374192439607762,0.9761738830323571,73.03769006297037,0.23809940780395877,5.288404238980188,7.77766086439882,0.0007936231499026039,0.028171317858818816,0.9519865485635076,57.67444852941176,0.2725900608603313,4.56031454248366,7.631104623417026,0.000946057802120712,0.030758052638629643,0.9620535541972952,83.97754569190602,0.23428762100935888,5.611539446065634,7.823102150149177,0.0007823444856641825,0.027970421621137255,0.944795237412848
Mouse-50.jpg,mouse,prepo2_resize+grayscale+median,218.2842383322454,0.16704271159353098,9.285707000652739,8.922007836999143,0.00021563939688888984,0.014684665365233551,0.9415163459053354,304.97878462089795,0.14263953238993887,11.304448881380226,9.109854679635811,0.00017720479802476547,0.013311829251638013,0.9181469313912745,145.80025531045752,0.18456199688558966,7.544495506535947,8.733718748684707,0.0002588554974515678,0.016088986837323467,0.9608484680504371,334.3410331234321,0.14591186745429496,11.45168688885476,9.097946693275645,0.0001822147303358748,0.013498693652938229,0.9102668951398287
Mouse-51.jpg,mouse,prepo2_resize+grayscale+median,159.3770602154047,0.3292299859198673,7.060847748041776,8.324043488178997,0.0014654507146270662,0.03828120576245041,0.9838432792467303,367.59232068806637,0.2912563170134017,10.630584139661085,8.63199891725951,0.001265982542571261,0.035580648428201266,0.9627218935754525,271.8483251633987,0.3161484659921281,8.867912581699347,8.471082116422995,0.0014428378762742168,0.03798470582055647,0.9724348673451176,376.81674090001536,0.27262954604334744,10.833819689755797,8.685430293553853,0.0010447824515889947,0.03232309470934048,0.9617859970299842
Mouse-52.jpg,mouse,prepo2_resize+grayscale+median,43.198413022193215,0.4380276955559189,3.2975277415143607,7.698579097935037,0.0019528220377932595,0.04419074606513517,0.9956917427363534,99.89500844724313,0.3615466486033349,4.936446014437107,8.033203229532843,0.0015854195359247614,0.039817327081620654,0.9900337866246224,57.888347630718954,0.4151083043171164,3.596292892156862,7.747169680523584,0.0019002414227367146,0.04359175865615787,0.9942267608456503,80.87809348282394,0.35541196210258835,4.678288025392925,8.011160918457621,0.0015644979550128225,0.03955373503239387,0.9919309853542704
Mouse-53.jpg,mouse,prepo2_resize+grayscale+median,50.22133036879895,0.30393263657273123,3.996624102480418,8.196769954750394,0.00044404637532466644,0.02107240791472741,0.9890219545876217,201.41785696001637,0.18613309878650597,8.080755644294271,8.849272942456057,0.00022787895234229155,0.015095660049904792,0.9560369553932766,180.62266135620914,0.20732260156224933,7.505014297385621,8.773708996373092,0.000251489039839111,0.01585840596778601,0.9606749472281869,221.30564685404192,0.18473956168274475,8.502595607433577,8.891843124297997,0.0002201535899604509,0.014837573587364306,0.9516966417548838
Mouse-54.jpg,mouse,prepo2_resize+grayscale+median,96.26344239556134,0.2597499992545163,6.124530842036553,8.354187655197384,0.0005091152198053523,0.02256358171490848,0.9724480478412142,156.71711462652945,0.2091643293447677,7.900547790917933,8.599067659974441,0.0003775921307819938,0.01943172999971937,0.9551609874335272,101.92631740196077,0.24543432038084495,6.266002859477124,8.383533400263035,0.0004692627067847836,0.02166247231469168,0.9708311594726247,177.79170634311163,0.20649709546756778,8.430707008652025,8.656334792639226,0.00036405927482642504,0.01908033738764661,0.9491305168545134
Mouse-55.jpg,mouse,prepo2_resize+grayscale+median,47.021091710182766,0.35545231570399655,3.7953247389033944,8.049538966168134,0.0006192809119488925,0.02488535537115941,0.9882365421247827,103.61405826037986,0.2674266062725252,5.848246557108482,8.460347132781298,0.000409644081432719,0.020239666040543232,0.9740571873803591,66.05874183006536,0.3091465198658032,4.597426470588235,8.23438090457985,0.0005074415280647935,0.022526462839620284,0.9834412964991828,93.16999948804587,0.2716054934716776,5.537152511135002,8.417589709094468,0.0004124491486877474,0.020308844100237398,0.9766722767469879
Mouse-56.jpg,mouse,prepo2_resize+grayscale+median,21.62582612597911,0.3715925910786635,2.8377835345953004,7.722597589055086,0.0007228139422186884,0.026885199315212233,0.9940115989503259,51.66374852813188,0.28263712952409537,4.309240772026826,8.114354833107408,0.0004867427534869264,0.022062247244714814,0.9856837306728633,41.21525735294118,0.3127671531797622,3.7299019607843142,7.967294596499206,0.0005639244821703193,0.023747094183716864,0.9885810301711453,65.60772026826396,0.262366461706701,4.823611324425331,8.213372108681583,0.00043978303828009157,0.020971004703640012,0.9818196311385227
Mouse-57.jpg,mouse,prepo2_resize+grayscale+median,81.81123531331592,0.2484472172939494,5.451676729765014,8.401094498959711,0.00038466370237639244,0.019612845341163337,0.9789925098252277,188.70651717606103,0.19298863561323598,8.257758664823632,8.777739667625324,0.00027153315222480976,0.016478263022078807,0.9515173777478747,122.43668300653596,0.24236526891129895,6.296609477124184,8.497368365027052,0.0003714412037537647,0.019272809959986755,0.9685540346494321,159.58084267649616,0.195196447712374,7.701581938258332,8.723525211841833,0.00027634897547542097,0.016623747335526396,0.9590000436012721
Mouse-58.jpg,mouse,prepo2_resize+grayscale+median,258.1805646214099,0.14536471629503153,10.485231723237597,9.056365148023847,0.00020246634008642435,0.014229066732798197,0.9268894393891586,502.43823273434697,0.1123743823501051,14.800040956330312,9.357746279875805,0.00014621297744142131,0.012091855831154344,0.8577567390499361,386.4047181372549,0.1297164897595295,12.566830065359476,9.2039749791575,0.00017509035779174142,0.013232171318107298,0.890660840842605,560.0327753033328,0.10402132592231267,15.694803665591563,9.412221403707111,0.0001369341659621302,0.011701887282063958,0.8414499908973975
Mouse-59.jpg,mouse,prepo2_resize+grayscale+median,12.386688152741513,0.44386076763224047,1.9984497389033944,7.316345935165629,0.001091571322575685,0.03303893646253894,0.9961913102023954,29.739149132237756,0.3512540367342144,3.0433215583883686,7.699439673530555,0.0007639129313770823,0.027638974861182573,0.9908801889140003,19.93158700980392,0.41360963899364567,2.4099979575163397,7.4616818672505705,0.0009688750791796158,0.03112675825041239,0.9938848832357589,29.67569753750064,0.3497586678626526,3.0781242000716738,7.710959626826709,0.0007613892514935776,0.027593282724126495,0.9908995880604138
Mouse-6.jpg,mouse,prepo2_resize+grayscale+median,66.31845626631853,0.23687893813982183,5.330144419060052,8.388587469458873,0.0003796928337159633,0.01948570844788465,0.9823279396299577,130.6527927097732,0.18594113718670985,7.483223263195617,8.701742124663213,0.00027213267297147885,0.016496444252367806,0.9651575536981354,88.7814133986928,0.2322580783772759,5.902655228758169,8.455063639862393,0.0003561716463886753,0.018872510336165545,0.9763302098655784,144.7013157221113,0.1860971219563869,7.7889520298981205,8.73204068469801,0.00027476517554188415,0.016576042215857324,0.9614093633667089
Mouse-60.jpg,mouse,prepo2_resize+grayscale+median,60.717934073107045,0.47200775545939777,3.805870593994778,7.733593311540867,0.0017918857570067988,0.04233067158700413,0.9833438656457183,196.57445348896738,0.3883116603114332,6.648461577842625,8.164019480354366,0.0011997052278573423,0.034636761220664704,0.9462115944914509,174.14178921568626,0.41577567287786543,5.7902982026143786,8.016527714969131,0.0013102372067767738,0.03619719888025555,0.9523362049118272,225.29047253366105,0.3684021452947114,7.035437464803154,8.230718691489008,0.0010963427559653163,0.03311106697110977,0.9383536459981345
Mouse-61.jpg,mouse,prepo2_resize+grayscale+median,17.56820128916449,0.8059908847910398,1.1917938152741514,4.860752351251573,0.03384153382745287,0.1839606855484423,0.9990946129165849,32.667219577125884,0.7768139211837218,1.643147493984539,5.028161003905717,0.03138511227381023,0.17715843833645134,0.9983146148700736,33.368974673202615,0.7898649314200888,1.6575571895424837,4.970125767718802,0.0330506644517233,0.18179841707705624,0.9982786713623188,61.00040956330312,0.7619107633298934,2.3180361439615007,5.117544376884774,0.03102244546808536,0.17613189792903886,0.9968528337909366
Mouse-62.jpg,mouse,prepo2_resize+grayscale+median,57.85654985313316,0.2772142233007484,4.6191559236292425,8.265752751042612,0.0004339091818711163,0.020830486837112482,0.9853898226832053,129.5406337992116,0.23517332297792834,6.4863973787948614,8.529081473501888,0.0003490770747137648,0.018683604435808545,0.9672832848468397,103.87190563725491,0.2647278081659189,5.57907475490196,8.380866870908543,0.00041337490346594793,0.020331623237359774,0.9737796864874495,165.20480212972916,0.2083436396014627,7.483632826498746,8.684010320149676,0.00029661866865407505,0.017222620841616267,0.9582758787708272
Mouse-63.jpg,mouse,prepo2_resize+grayscale+median,75.53275946475196,0.25144280581060385,5.319109007832898,8.197094866051193,0.00048652001236792314,0.022057198651866994,0.9684974631304905,157.236727589208,0.19461506824562716,7.607730507346542,8.526826132795035,0.0003474050005004874,0.018638803623100046,0.9344436785653829,98.9985804738562,0.22015083304312955,6.119434232026144,8.33256775741631,0.0004186911075534516,0.020461942907589483,0.9587662644272129,147.9582859775764,0.18270146064845355,7.745538319766549,8.564323548308414,0.0003272239485374159,0.018089332451403945,0.9383116304355635
Mouse-64.jpg,mouse,prepo2_resize+grayscale+median,253.83163348563968,0.15522931134498344,9.674363577023499,9.060952475256169,0.00018797918146155516,0.013710550005800466,0.9475209711234905,467.9232375979112,0.12165459213555493,13.381753954845646,9.34798519488386,0.0001382787761459905,0.011759199638835566,0.9032083458520243,296.16103962418305,0.14305228030109554,10.670986519607844,9.151855990320623,0.00016954439515117056,0.013020921440173524,0.9387195962192686,400.27503199713306,0.11756849020463087,13.023181282957047,9.349007610638632,0.0001333692794168186,0.011548561789972751,0.9172019189394964
Mouse-65.jpg,mouse,prepo2_resize+grayscale+median,423.8217301729765,0.1368150396779486,12.521081511096604,9.29408389892248,0.00014462921648329973,0.012026188776303976,0.9061731667513756,759.9209030870834,0.10379958976317133,17.495469205959147,9.602068941087458,0.0001037715005172131,0.010186829757938096,0.8317285249588839,436.23393586601304,0.13471710567018377,12.740308415032679,9.309565696623652,0.00014272855792643854,0.011946905788798978,0.9034099651457149,619.1935698561409,0.11398588537116278,15.853089643167973,9.512971399070182,0.00011221804908709913,0.010593302086087187,0.8628919308097157
Mouse-66.jpg,mouse,prepo2_resize+grayscale+median,146.70216628590077,0.26382509895877226,6.752243798955614,8.625535147549733,0.00034867621312337986,0.018672873724292677,0.9686718617102829,255.15676035427225,0.20651740011242417,9.1156401986382,8.917164499834845,0.0002490564972138339,0.015781523919249175,0.9455423180152583,155.66484885620918,0.23645523453482004,7.008006535947715,8.672811208709472,0.000311798626296243,0.017657820542078317,0.9668147627303295,257.33993754159627,0.20071554509752124,9.130896431679721,8.90880487811957,0.0002498967802923603,0.015808123870097942,0.945075468749927
Mouse-67.jpg,mouse,prepo2_resize+grayscale+median,100.18890747389034,0.25390259035448853,5.7039205287206265,8.658662620786918,0.0002993222913623806,0.017300933251197192,0.9871575802110938,265.2249219269953,0.18328199098427972,9.60358367890237,9.137601352968456,0.00019060712965934053,0.013806054094466693,0.9660076590703345,193.140216503268,0.20777930732250363,8.049550653594773,8.974767485108783,0.00022296857770715862,0.014932132389821577,0.9752447989895556,248.67690574924484,0.18857629410539334,9.202969333947678,9.10091720058595,0.00019329131776408306,0.013902924791714982,0.9681284161138604
Mouse-68.jpg,mouse,prepo2_resize+grayscale+median,136.86334244451695,0.18750369206280587,7.270510362271541,8.93289183810577,0.00019292295255808525,0.013889670714530466,0.9790037344120529,275.2289254082834,0.14434237767248836,10.463410638406799,9.266514099966997,0.0001406191453666373,0.011858294370044846,0.9578105159520631,180.94388276143792,0.17295165333407453,8.34719158496732,9.05221572186272,0.0001775886561391986,0.01332623938473261,0.9722887005547147,272.7139609890953,0.14778233278521896,10.289591972559258,9.244260412312041,0.00014332005526190074,0.011971635446416698,0.958196098078204
Mouse-69.jpg,mouse,prepo2_resize+grayscale+median,175.4018847911227,0.19247659919825305,7.776089262402088,8.952868320112469,0.00021281584113274938,0.014588208976181736,0.9718923062574069,276.04307582040644,0.1664636235225141,9.635765115445656,9.144256585841593,0.00017497089261774858,0.01322765635393317,0.9557861893917128,168.01646241830068,0.20922210227879534,7.135457516339871,8.854850195279022,0.00023708756931762362,0.015397648174887736,0.9730995899200807,311.68419597604054,0.15698539471501505,10.309414836430655,9.209234816264694,0.00016410461184649904,0.012810332230137477,0.9500768914509274
Mouse-7.jpg,mouse,prepo2_resize+grayscale+median,177.98177423302872,0.18936694195562412,8.14345014686684,8.877723021886741,0.00024623405484056613,0.015691846763225995,0.9657775423860309,350.04116111196436,0.13805060723132823,11.957876414273281,9.243694124038491,0.0001644191282826287,0.012822602243017159,0.9325790266247119,300.9479064542484,0.15533577644270016,10.68655024509804,9.127400461947806,0.00018945934089185788,0.013764423013401538,0.9420274333796228,441.51191317257974,0.13171324355091496,13.243894947012748,9.324429567889293,0.00015343401271792815,0.012386848377126771,0.9149609549212857
Mouse-70jpg.jpg,mouse,prepo2_resize+grayscale+median,132.52902659921673,0.24320253043779938,6.810195006527415,8.674232312664776,0.00035379167147217604,0.018809350639301083,0.9779440067542576,217.78192801924945,0.19987683218693497,9.226007269748632,8.968529306045465,0.0002982634847762212,0.01727030644708487,0.9637292775782957,136.44845792483662,0.22575121624054742,7.2814644607843135,8.762326460828508,0.00034210558372314067,0.018496096445551443,0.977284079982806,246.82839297598935,0.182034460631329,9.932329903240669,9.053648319546939,0.0002409327473462289,0.015522008482996938,0.9588917129835894
Mouse-8.jpg,mouse,prepo2_resize+grayscale+median,314.32642175261094,0.14645744529921045,10.770979520234988,9.205272455879356,0.00016264441551500433,0.012753211968559306,0.9379739170700191,518.7770849331899,0.11406756563366965,14.491496441918802,9.486402469215161,0.00011828082516815249,0.010875698835851997,0.8975032603371728,293.99714052287584,0.14652390181411531,10.591013071895429,9.199981685132279,0.0001619781633633165,0.012727064208344222,0.9419511582861422,492.9062304817488,0.12322250354424902,13.802846464956739,9.434744040272003,0.00012885088387597392,0.011351250322143985,0.902612851990763
Mouse-9.jpg,mouse,prepo2_resize+grayscale+median,87.04372348237598,0.19983107960624724,6.046273253916448,8.156577175549959,0.000489782226193016,0.022131024065619197,0.946923802244898,187.2664209286848,0.15326764235935175,8.779982593559616,8.485505455150046,0.0003569710703247769,0.01889367805179227,0.8852235363759398,138.0831801470588,0.1804440516503537,7.359630310457516,8.317029442220765,0.00043204802665040685,0.0207857650003652,0.9153624900183074,186.0513489991297,0.1532604243125123,8.771852761992525,8.48646123060439,0.00035463657207760455,0.018831796836138726,0.8859706627271863
snail (1).jpg,snail,prepo2_resize+grayscale+median,67.78690029373368,0.33118963644765514,4.174445169712794,7.893520263669538,0.0007327202082562853,0.02706880507625494,0.9759258037301131,138.7516510520657,0.26977819238615847,5.995228587518558,8.232662458506901,0.0005294744242428703,0.023010311259147934,0.9507869531336683,91.44171772875818,0.3342585400353679,4.4758884803921575,7.917497755224514,0.0007266146571731228,0.026955790791092046,0.9675224138395351,152.7085854707418,0.2898671390024029,5.785081656683561,8.126754874083495,0.0006023487212046081,0.024542793671556793,0.9458373640920265
snail (100).jpg,snail,prepo2_resize+grayscale+median,40.393939703002616,0.4513789038092568,3.253600277415144,7.554637401301493,0.0018819897859214476,0.04338190620433187,0.9891829201855933,118.09531561972048,0.3503637262802041,5.762688783085036,8.06053816252772,0.0012212617126150151,0.034946555089379196,0.9684323433267557,75.71990400326797,0.3928996339960323,4.517800245098039,7.852762831879475,0.0014701082245176802,0.038341990356757435,0.9797478836936051,89.76400962473761,0.36823024701301643,4.917831362309936,7.948150955875903,0.0012838589753485924,0.03583097787318387,0.9760054199415678
snail (104).jpg,snail,prepo2_resize+grayscale+median,65.041204308094,0.26307227850258774,5.017909595300261,8.600592132855391,0.00029620841199456206,0.017210706318874947,0.9915054809454538,159.06371781088416,0.19094667366899015,7.828044847181692,9.019996315179881,0.00019513931150396888,0.013969227305186528,0.9792638603009897,92.31184640522875,0.21390208754639428,6.2442810457516345,8.82946211583397,0.00023055379090974624,0.015183997856616888,0.9879638542462802,131.48127783750576,0.19451364492488135,7.4924793938463115,8.99513624096596,0.00019781154798413847,0.014064549334555249,0.9828593786669697
snail (105).jpg,snail,prepo2_resize+grayscale+median,60.48808746736293,0.3565755888841047,4.183236781984334,7.891301023490394,0.0010581488439921683,0.032529199867075864,0.9906144562720177,166.38049454768856,0.26453755275508034,6.997296882199354,8.356062154169754,0.0006731329516094526,0.025944805869565733,0.9742256167402736,118.62672589869281,0.2902192148616456,5.958098447712418,8.20855666455261,0.0007785645469891388,0.027902769521843864,0.9815897352589327,166.74767828802544,0.258772551271663,7.109875595146676,8.373744137886149,0.0006494997672434221,0.025485285308260178,0.9741687977751147
snail (108).jpg,snail,prepo2_resize+grayscale+median,92.2704899640992,0.16644111687436453,6.860364311357702,8.381316525581036,0.0003622226545923156,0.01903214792377139,0.9530760121209841,176.09531561972045,0.1344456046885135,9.40131060257001,8.669788379986834,0.0002745763608413943,0.01657034582745316,0.9104650734446369,109.52471405228758,0.1596654739494835,7.37986111111111,8.44805834399092,0.0003437421049829927,0.018540283303741415,0.9442662496744807,169.98803051246608,0.13618507862841467,9.256161367941433,8.655465660863275,0.00027776099701542513,0.01666616323619282,0.9135692750211122
snail (109).jpg,snail,prepo2_resize+grayscale+median,32.69742371083551,0.3342741864462965,3.5588589262402084,7.745146651717314,0.0009906747656487002,0.03147498634866583,0.9921422842269813,94.95959658014641,0.2389134934675026,5.980125940715712,8.220404051657558,0.0006207019608991121,0.024913890922517744,0.9771919901353893,66.35285947712418,0.27571336241649447,4.925061274509804,8.040035020243554,0.0007513140666550525,0.027410108840627622,0.9840369234353729,83.34994112527517,0.24716743218368473,5.658547074182153,8.183730581703022,0.0006432542046935712,0.025362456598160422,0.9799797697237214
snail (11).jpg,snail,prepo2_resize+grayscale+median,18.753324902088774,0.3552131511891613,2.861720789817232,7.735947619384846,0.0007329415657072532,0.02707289355992915,0.9948426393220082,55.96723493574976,0.24888187315569887,4.891004965955051,8.230939652494786,0.0004790304959565911,0.021886765315061774,0.9845824142133927,38.51727941176471,0.28641814733782445,4.006699346405229,8.04039631194987,0.0005625149556861145,0.02371739774271441,0.989392599755454,51.73045615112886,0.24881924580651055,4.773368146214099,8.214977224284985,0.0004799864162448013,0.021908592292632617,0.9857498006709637
snail (111).jpg,snail,prepo2_resize+grayscale+median,16.74830695169713,0.6447522423267553,1.6463364882506526,6.728708792494178,0.0032904100625808473,0.0573620960441723,0.9971747266353781,45.62525981672042,0.5354714745876696,2.9544565606921616,7.168615792228762,0.0023888015542270014,0.04887536756104246,0.9922910228034473,39.337285539215685,0.5790139197808795,2.5915339052287587,7.008997275044296,0.002904702534949166,0.05389529232640979,0.9933517667621666,60.99975426201812,0.5361639568391521,3.188931551732965,7.185207351481906,0.0023672612670657895,0.048654509216164016,0.9896932762072553
snail (115).jpg,snail,prepo2_resize+grayscale+median,13.28407514686684,0.490230809388959,2.0102704797650133,6.714490032138465,0.0032330663122812657,0.05686005902460237,0.9926568583309724,29.903803819177803,0.4089957752394153,2.9201146777248757,7.036476891417158,0.002394577281640681,0.04893441817004347,0.9834811623741907,14.899285130718955,0.48356718815020766,2.064236111111111,6.727443404221682,0.0031122537192726355,0.0557875767467331,0.9917554657109665,22.418000307172473,0.4310663699712912,2.555429273537091,6.935155119717555,0.0025352274068762763,0.05035104176555115,0.9876162898240192
snail (117).jpg,snail,prepo2_resize+grayscale+median,39.373847503263704,0.28825427884046356,3.9762463283289815,8.177784482904077,0.0005236602663162477,0.022883624413895794,0.9934497197711772,85.25240362463524,0.23588913187860172,5.758419085649925,8.518654777519533,0.00038924774296911685,0.01972936245723913,0.9858365553468678,58.14796772875816,0.2802114636357396,4.598539624183006,8.289652808708112,0.0005088871922424334,0.02255852814884946,0.9903310531242181,98.4316592433318,0.23282806090550762,6.022198331029539,8.548521986429751,0.00039161636624960927,0.019789299286473213,0.983646789735618
snail (120).jpg,snail,prepo2_resize+grayscale+median,105.10434685052219,0.20991914256102362,6.038236374020888,8.275308233354151,0.0004386294110681495,0.020943481350247133,0.9699809825225761,239.78865509650333,0.15868120384635345,9.115353504326013,8.615905272875313,0.0003167659101002626,0.017797918701361198,0.928811504278544,166.11019199346407,0.18583085091879895,7.268218954248365,8.421807720159016,0.00038486419277508117,0.01961795587657086,0.9519224599543954,263.606747555419,0.1561996899698675,9.570194030614857,8.651949038039266,0.0003109525455530601,0.017633846589813016,0.9217405159856591
snail (129).jpg,snail,prepo2_resize+grayscale+median,68.67425138707571,0.24160553254299022,5.324953084203655,8.617635899880362,0.00028767481180422527,0.016960979093325515,0.9884952468807648,132.18841959760405,0.2097013012448255,7.112824450929196,8.864010849270073,0.00023145830664366514,0.015213753864305322,0.9778318793390169,71.0823937908497,0.2519637400422532,5.277634803921569,8.594057042708226,0.0003024439176371802,0.01739091480161927,0.9880716580418352,125.44042389801874,0.20203148639934024,7.2102697998259355,8.903139046274477,0.00021914053251967722,0.014803395979290604,0.978963476427848
snail (13).jpg,snail,prepo2_resize+grayscale+median,29.721595545039165,0.37789362029972196,3.340292509791123,7.957147428052837,0.0017126019777965362,0.04138359551557279,0.9965260539388773,86.51554804689499,0.27076299705513657,5.7575692417959345,8.46777097702996,0.0013757481497476388,0.037091079112741364,0.9899071996264852,60.30414624183006,0.29755266752231574,4.8633169934640526,8.314055322550418,0.0014447873301434548,0.038010358195411084,0.9929516658460078,81.31860953258588,0.2665130100958613,5.741606512056519,8.473320180878781,0.001355854460968378,0.03682192907722758,0.9905134316171811
snail (130).jpg,snail,prepo2_resize+grayscale+median,26.187357212793735,0.38587975694391463,2.9098808746736293,7.726965895480935,0.0008637025506489814,0.029388816761635392,0.9964617678688763,82.60462806532536,0.26864376881515556,5.1391696104029085,8.245589875283967,0.0005230147808388275,0.022869516410252918,0.9888137655625729,68.11217320261437,0.2985919927723498,4.440747549019608,8.086244169887811,0.0006151019744175584,0.02480124945275053,0.9907731703036339,89.22685711360265,0.2702270924616718,5.061618798955614,8.211152996160898,0.0005331446213748794,0.02308992467235178,0.9879170231511025
snail (138).jpg,snail,prepo2_resize+grayscale+median,28.801617575065272,0.33816841124763614,3.330073025456919,8.075702311774878,0.0005517446808436983,0.02348924606801373,0.9949774687209586,111.6688578303384,0.21911944854720472,6.54712537756617,8.69513789894561,0.0003227296135039351,0.017964676827149858,0.9805314652507211,86.56044730392156,0.24602035490136065,5.672988153594772,8.554103106715763,0.0003721933162392136,0.019292312361124924,0.9848882545777802,106.20067577945017,0.22203739188160032,6.4163927712077,8.675654214271935,0.00033501656501718234,0.018303457733914168,0.9814849072929042
snail (14).jpg,snail,prepo2_resize+grayscale+median,42.48268195169713,0.30434599938996393,4.121613903394256,8.232247563380671,0.0005180647493978011,0.022761035771638363,0.9934786947816251,115.93029232580759,0.20896104000011084,7.0052116930323045,8.727964007835153,0.00030881320475450617,0.017573081822904773,0.9821892246409063,80.45798611111111,0.2406341392053692,5.764338235294118,8.542102017259378,0.0003675635718867476,0.01917194752461908,0.9876256451896489,113.50083448523011,0.20675102546530622,6.9058209184457064,8.716710176771732,0.0003090417009453543,0.017579581933179024,0.9825627768511889
snail (143).jpg,snail,prepo2_resize+grayscale+median,15.48486455613577,0.5145928503580953,2.095014686684073,7.21268256347133,0.0024476735888625607,0.04947396880039604,0.9970966400792355,50.70510418266524,0.40546507957798616,3.753033328213792,7.706982209761516,0.0017028839812635323,0.04126601484591809,0.9905021969397432,37.64824346405229,0.43240192497790253,3.1773080065359482,7.562114249495967,0.0018678597028152907,0.04321874249460864,0.9929388837716543,48.11081759074387,0.3952463831389788,3.6136896534070546,7.705546270746474,0.0015306188735458072,0.039123124537104745,0.9909880860194337
snail (147).jpg,snail,prepo2_resize+grayscale+median,18.127590567885118,0.4753088940933823,2.144357865535248,7.562251139669617,0.0009161381051566526,0.030267773376260312,0.9969289088629495,49.51989965699073,0.3409015830487091,3.5087800133108074,8.00285399579022,0.0005803629215116187,0.024090722727050318,0.991622635474645,37.47803308823529,0.37738176998542616,3.0589971405228757,7.889274160466864,0.0006246290802115372,0.024992580503252104,0.9936650627330161,55.0029590948651,0.3390463021972574,3.7585829109711772,8.077688720883042,0.0005205349235787571,0.022815234462498016,0.990694947139485
snail (148).jpg,snail,prepo2_resize+grayscale+median,33.430911390339425,0.4649398961824215,3.098298792428199,7.183585391973188,0.004424207867451904,0.0665147191789299,0.993127069839995,90.87690574924486,0.384019474824394,5.041509240772026,7.58555485404715,0.0031053606813027787,0.055725763173803,0.9813643769867818,62.64786560457517,0.4274173808833067,4.145087826797385,7.395674708362105,0.0038797067859517175,0.06228729233119479,0.9871326911865063,85.00388061229714,0.3951830774712961,4.940213996825884,7.55943637410773,0.0033282806005772076,0.057691252374837625,0.9825688212938167
snail (15).jpg,snail,prepo2_resize+grayscale+median,39.560572372715406,0.2950900601753721,4.104550832245431,7.992421293880448,0.0006235774621526026,0.024971533035690913,0.9850516376823604,97.84754006041058,0.21867757645649177,6.397706445502482,8.404053958537792,0.0004210197215722805,0.020518765108365575,0.963052974766571,59.91215277777779,0.26156144027127987,4.937275326797386,8.149662833933515,0.0005548204950553207,0.023554627890402358,0.9773773269843222,84.18931039778836,0.23531986625434642,5.855536783904162,8.316345247527796,0.00046820159022183496,0.021637966406800685,0.9682103149655445
snail (150).jpg,snail,prepo2_resize+grayscale+median,33.46849502284596,0.4205993286041801,2.937245022845953,7.719485125746385,0.0009550850540707348,0.030904450392633336,0.9934296349109107,74.82388777965494,0.36295711486353965,4.2792914554855885,8.03456481923348,0.0007637061368203267,0.027635233612552053,0.9853093357615833,48.54132965686274,0.41999794002824503,3.3556678921568626,7.794482902738242,0.0009779550787924784,0.031272273323064925,0.9904543303497038,77.29294015256232,0.35531587557137073,4.34256898581887,8.037778243273136,0.0007221222937980382,0.02687233324067782,0.9848245519262413
snail (16).jpg,snail,prepo2_resize+grayscale+median,33.550924037206265,0.5952831730374404,2.4116453165796345,6.5735021029855165,0.008887156305442553,0.09427171529914237,0.9887570660318021,68.4488916193109,0.5273846713391525,3.6716633389648283,6.903843019951784,0.007293471189976002,0.08540182193592828,0.9770633115054878,46.14728349673203,0.5576778825967531,3.066809640522876,6.757633410046264,0.008267322386939188,0.09092481722246785,0.9845381095800662,80.41707878974043,0.5241043676934195,3.9670301540981923,6.938390185546371,0.007342260342452991,0.08568699050878723,0.9730526679006064
snail (173).jpg,snail,prepo2_resize+grayscale+median,29.475175424281982,0.3546550698475431,3.2892052872062667,8.147265276608865,0.00046817683399274997,0.021637394343884155,0.996227378314236,85.54353145958123,0.23903955827670353,5.840157681871704,8.710327236130988,0.0002695051502446457,0.016416612020896566,0.989061410389121,52.40559640522876,0.28185983561377514,4.560600490196078,8.47833270751241,0.00033808971083837955,0.018387215962140095,0.9932977123463058,68.82474786259151,0.2617205085866627,5.167900476117339,8.596157582364668,0.0002990765621830223,0.01729383017677178,0.9911991579491545
snail (175).jpg,snail,prepo2_resize+grayscale+median,21.45688846279373,0.451242612062721,2.3857804340731072,7.4941220349544935,0.0010432058117635086,0.032298696750232954,0.9949302840158634,57.87528797419751,0.3060116567921552,4.2637587672144575,8.061331442068404,0.0005755850499109671,0.023991353648991277,0.9863283608836511,37.65119485294118,0.35066583743717616,3.4965788398692816,7.881927514191677,0.0007005807082245345,0.026468485189457564,0.9910989928554516,51.306537654226176,0.3083912019838014,4.111390979368249,8.025943497818155,0.0005872846419797421,0.024233956383136083,0.9878796931200813
snail (178).jpg,snail,prepo2_resize+grayscale+median,45.15177260117493,0.4350357864516812,3.444975930156658,7.888633973844049,0.0009766873776409241,0.031251997978384106,0.9918113939285486,75.16251471868121,0.40003927205417655,4.170183791532278,8.038207471600845,0.0008106321987684957,0.028471603375442273,0.9863701468265014,39.59073733660131,0.5192850865236556,2.8226000816993464,7.615693271282172,0.001268663841064067,0.035618307667042055,0.9928154484051619,79.2724312701582,0.4078620057571796,4.375774330619976,8.061560602812108,0.0008265925974169253,0.028750523428573007,0.9856249928283234
snail (180).jpg,snail,prepo2_resize+grayscale+median,33.725379406005224,0.47287000389610023,2.666245104438642,7.400321763843834,0.0031968672435849885,0.05654084579828098,0.9960191547918792,64.37860031741155,0.3667009874082602,4.064301438591102,7.785811586212935,0.0025572459162786234,0.050569219059410274,0.9924213285840963,34.765849673202624,0.4406687756411208,2.9134395424836605,7.46815513097518,0.0031921079574429184,0.05649874297223716,0.995900372269161,66.17400296933394,0.39274353757186514,3.7866584754006034,7.68635441836319,0.002703419631584935,0.05199441923499997,0.9922099605771291
snail (184).jpg,snail,prepo2_resize+grayscale+median,117.21445618472586,0.21881401911065293,6.875479357049608,8.323436027871972,0.0006019160024400847,0.024533976490574958,0.9553607145095672,219.5138585982696,0.17836370555962608,9.372886909332923,8.598426922862517,0.0004630819965133285,0.021519340057569808,0.9163675118065912,130.67100694444446,0.211034101771037,7.242167075163398,8.376087714052739,0.0005784251357984642,0.024050470594116535,0.9502445504329293,220.53086571443197,0.17540798702994312,9.446915476373317,8.620139731507182,0.00045149646907205633,0.021248446274305714,0.9159827505164861
snail (186).jpg,snail,prepo2_resize+grayscale+median,64.51026028067885,0.22516572986447136,5.320536879895561,8.261826268455621,0.0004147929687699721,0.02036646677187705,0.976793183347561,137.46008293656888,0.16762937799750288,7.88742128705268,8.635465412444416,0.0002854644480855488,0.016895693181564017,0.950637287768679,87.59384191176471,0.19606493017545662,6.242861519607844,8.414348716067565,0.0003600822871445011,0.01897583429376693,0.9685003013982927,144.84274816976398,0.17072591768251144,7.999969282752264,8.646084331162804,0.00028657479594389857,0.016928520193563838,0.9479857775933288
snail (188).jpg,snail,prepo2_resize+grayscale+median,44.71580246409923,0.26170668740035535,4.281790551566579,7.8990157808319745,0.0007039705251303086,0.026532442879054853,0.9798392984372558,193.19050837045,0.16511652858472164,8.665919213638457,8.545059254476403,0.00036893391265059247,0.01920765245027597,0.912987114963311,157.77893178104574,0.19682194849861975,7.499029820261437,8.398285897808183,0.00043823450774475094,0.02093405139347735,0.9289015602736722,187.5640608201505,0.17484564192059066,8.278564480622535,8.492381216994996,0.00039241985090510844,0.01980958987220857,0.9155226591644944
snail (189).jpg,snail,prepo2_resize+grayscale+median,37.59570822454308,0.27921900610663947,4.000469157963447,8.064726494101333,0.0005161650073268317,0.022719265114145567,0.988503633726294,87.53029232580761,0.2092093584810155,6.156146009317565,8.477600588439328,0.00034192570482786066,0.01849123318840203,0.9732261120821518,57.68791870915033,0.23642602913040545,5.055545343137254,8.293811973542105,0.00040713961301943165,0.020177700885369267,0.9823359406194502,88.09433266779295,0.20762974565310693,6.21900373726514,8.492114461176255,0.0003368440627693137,0.01835331203813943,0.9730535356876792
snail (19).jpg,snail,prepo2_resize+grayscale+median,44.85060378590078,0.27582863669941826,4.397743962140993,8.154056205791948,0.000455349960271497,0.02133893062624032,0.9901127125688691,97.67145855731326,0.21551680952389307,6.460932780422874,8.515290555964661,0.0003175946609094643,0.01782118573242152,0.9784985520982853,50.14259599673201,0.2538953078186673,4.5816687091503265,8.203816449798786,0.00043460905753062385,0.02084727937958869,0.9889485443769753,79.7776378436492,0.21791901457946383,5.814088977627605,8.42706793669528,0.0003565697473522755,0.018883054502708916,0.9824381207432359
snail (194).jpg,snail,prepo2_resize+grayscale+median,28.032096524151434,0.4775657844589271,2.767328247389034,7.316589710211189,0.001980025027339143,0.044497472145495445,0.9938134135467322,90.46464956739875,0.3167743662768268,4.995402651922387,7.944297845996309,0.0008873948100106986,0.02978917269765474,0.9800404749663975,73.12402982026146,0.339417465847744,4.512101715686276,7.885057213572896,0.0009630116993096942,0.03103242980028625,0.983870219792652,92.08466697383915,0.3234785561338824,5.259663134183177,8.009107429713474,0.0009609329987497003,0.03099891931583584,0.9796830232810316
snail (2).jpg,snail,prepo2_resize+grayscale+median,44.53610476501305,0.27181427883549697,4.328308583550914,8.025011766519496,0.0004981147010866209,0.022318483395755654,0.9835310333789886,74.20927660881584,0.22868175340329638,5.572118978139558,8.264490777965964,0.00039352668666325474,0.019837507067755635,0.9725592781400475,39.421670751634,0.28358490717212437,3.9263684640522882,7.926338607955828,0.0005451888871868194,0.023349280228452854,0.9854375060148948,82.4651103261148,0.22037207031215553,5.76574002969334,8.294077131682242,0.0003836203100550731,0.01958622756058637,0.9695063096700892
snail (200).jpg,snail,prepo2_resize+grayscale+median,16.607131201044385,0.3772012227246302,2.5554830287206265,7.748215597689688,0.0006410977795710653,0.025319908759137845,0.9967953097592455,39.492448676598585,0.2951181643763032,3.833758255260329,8.12973145176705,0.0004442207603550692,0.02107654526612626,0.9923722644661923,31.883782679738562,0.3188404999597574,3.4636642156862743,8.027999702791234,0.0004953820199529293,0.02225717906548198,0.9938369849803821,50.014355193774634,0.2674252988607624,4.395208109353402,8.251662793560866,0.0003951058736890617,0.01987727027760758,0.9903399459139679
snail (24).jpg,snail,prepo2_resize+grayscale+median,51.995073841383814,0.3079562226313721,4.146101909268929,8.387926980854147,0.00035768789547755477,0.018912638511787688,0.9927154420725782,121.6710592330927,0.21729588172889552,6.663410638406798,8.848443295899369,0.00022167768419052917,0.0148888442865969,0.9829470112223093,74.43622344771242,0.24128872969977896,5.383016748366014,8.66384014786566,0.0002610704825401022,0.016157675654007362,0.989557701205782,119.74463728049966,0.21114966520559567,6.715015614600931,8.868288009102082,0.0002149834639445395,0.014662314412961532,0.9832169149369249
snail (36).jpg,snail,prepo2_resize+grayscale+median,23.97994859660574,0.36238267926390655,2.974583877284595,7.435338928661269,0.0012424405723149294,0.03524827048686119,0.9870892186983177,52.98769262274101,0.3218882985580871,4.09015512210106,7.686690506894685,0.0010641712366494557,0.03262163755315566,0.9714718434180607,39.957894199346406,0.31325007643931896,3.7890420751633984,7.669726566293461,0.0009839394912546991,0.031367809793715264,0.9785197217298818,64.74501612655506,0.24281001946752392,5.067792965750269,7.960011876608075,0.0007032224769569468,0.026518342273923284,0.9651417484052597
snail (40).jpg,snail,prepo2_resize+grayscale+median,21.90498531331593,0.6567484698958893,1.6733436684073109,6.684188430925939,0.005224503522865552,0.07228072718827303,0.9978809855665921,47.9241386371781,0.584505635662812,2.592668816874008,7.028111811587086,0.004028712478035186,0.06347213938441958,0.9953668311672126,22.26220383986928,0.6168131399236318,1.9990706699346406,6.875718956727075,0.004454625835432553,0.06674298341722935,0.9978468230661646,36.3931910100855,0.5702323059023604,2.581508216863769,7.053575197767703,0.004037398006677127,0.06354052255590228,0.9964816127049532
snail (45).jpg,snail,prepo2_resize+grayscale+median,46.95857131201045,0.2607634730792806,4.508587630548303,8.184849482425921,0.00046899792658636544,0.021656359956981817,0.9878962111319789,130.85827061895253,0.18624930979437856,7.448574207750986,8.660327595792056,0.0002964450555813315,0.01721757984100354,0.9663579086763607,94.65965073529412,0.2118984669759151,6.258384395424837,8.496118300324511,0.00035080199188880344,0.018729708804164667,0.9756336511449858,126.65484052628884,0.18483811561266808,7.381631085854708,8.656381995848509,0.0002938831619508374,0.017143020794213527,0.9674386338428357
snail (47).jpg,snail,prepo2_resize+grayscale+median,66.23548670039165,0.20437951155970457,5.547272764360313,8.491076653574243,0.0003140599854292872,0.017721737652648152,0.9831370015731542,170.04190856499258,0.14610990897600362,8.923043055342243,8.932488391184034,0.00020321881939289164,0.01425548383580479,0.9567303590440484,120.3826593137255,0.16898129927021172,7.40373774509804,8.76020080110677,0.00024688276152134335,0.01571250334992306,0.9693281452331113,168.11499513643577,0.15054312999695824,8.717995187631187,8.912698064759233,0.00021354193027894527,0.014613073950368734,0.9572213762123665
snail (5).jpg,snail,prepo2_resize+grayscale+median,65.28564580613578,0.19383048416467408,5.672374755221933,8.252854313574167,0.000378315902993003,0.01945034454689693,0.9682223924945629,122.22815747709006,0.1574072999655837,7.763323606204883,8.552967291789757,0.0002833515790870358,0.016833050201524258,0.9405607389570696,81.42910539215686,0.18340988299507402,6.282393790849673,8.352065417321715,0.0003499389632793477,0.018706655587767358,0.9603836676115485,137.2493523780269,0.15622885132729009,8.141688424717145,8.593436672754589,0.00027685581871224395,0.01663898490630495,0.9332563369773216
snail (52).jpg,snail,prepo2_resize+grayscale+median,56.95670487924282,0.2897924963443268,4.709601419712794,8.280739779867753,0.0005392602454347506,0.023221977638322507,0.9890410855308062,116.65703168996058,0.21000523568495638,6.981344391542518,8.678094509136653,0.0003310804442384257,0.01819561607196705,0.9775330249101986,96.33115808823531,0.22643710098125802,6.284201388888889,8.580192047954593,0.0003620166184580451,0.019026734308809936,0.9814469156691188,158.02513694772946,0.1952722902415046,8.049997440229355,8.802097185386534,0.0002955048611149279,0.01719025482984263,0.9695662206902009
snail (54).jpg,snail,prepo2_resize+grayscale+median,71.5264054340731,0.21400680955091142,5.545702105091383,8.35954797730178,0.00040579829390791804,0.020144435805152697,0.97727243751162,149.61880919469615,0.1707493596216157,8.035212204986433,8.708121124947992,0.0002891415121597466,0.017004161612962476,0.9524531713340917,103.99749795751633,0.1935470756677336,6.634895833333333,8.531604070427942,0.0003467753767748248,0.018621905830897782,0.9668927343354193,171.85217836481849,0.1637776016856887,8.469738391440128,8.753922797040754,0.00028193604544682826,0.0167909512966606,0.9453875852313363
snail (56).jpg,snail,prepo2_resize+grayscale+median,78.66555156657964,0.18947777763464496,6.150048955613578,8.591670447399032,0.0002751602102013017,0.01658795376775875,0.9800708680132101,179.3949623713715,0.14259667561635037,9.244120206829468,8.971825555383424,0.0001894565761165722,0.01376432258109974,0.9545608680787235,95.5782883986928,0.17624613436045358,6.740747549019607,8.673292157093918,0.0002534241012070678,0.015919299645620968,0.9757674127690568,130.16891414529258,0.16289694747896016,7.826007269748631,8.814807805358148,0.00022184018434919615,0.014894300398111895,0.9670299222334688
snail (57).jpg,snail,prepo2_resize+grayscale+median,66.18173751631855,0.20210957974216776,5.6592383322454305,8.567103593616777,0.0002794749641427559,0.01671750472237875,0.9845058698991457,156.60542671376646,0.14987026553278876,8.708268059181897,8.969672658403038,0.0001872977877183843,0.01368567819723905,0.9632870976985037,83.27337622549021,0.18576421067456306,6.317759395424837,8.665426271413452,0.00025393717301905793,0.015935406270913142,0.9804542322373458,111.29095377054215,0.17245204873993403,7.271110428505606,8.799952628199026,0.00022395840012712334,0.014965239728354616,0.9739098273397983
snail (6).jpg,snail,prepo2_resize+grayscale+median,47.933950718015666,0.2966035960294149,4.141257343342036,8.271885193085046,0.00044861036444117635,0.021180424085489327,0.9936060292542698,130.71713510469465,0.20457922515666305,7.028607996723495,8.77531872216911,0.0002761899874169576,0.016618964691488984,0.9825262745511951,92.57097630718954,0.22476509152619745,6.053799019607843,8.649312545028014,0.00030751383265384044,0.017536072326887808,0.9876258003105162,128.69497772999537,0.19782977693474632,7.260748476936467,8.824469252712564,0.00025417666753580663,0.015942919040621346,0.9827960972478108
snail (61).jpg,snail,prepo2_resize+grayscale+median,18.730601338120103,0.5666599955178759,2.025558909921671,7.139171926429967,0.004078878697571504,0.06386609975230603,0.9977011742250409,92.93555521425279,0.4389796312453411,4.297926585777914,7.715517778468496,0.0027053682181649758,0.052013154280095106,0.9886081155462002,93.6062091503268,0.452780786079838,4.151817810457517,7.65002518799743,0.0028411277801306395,0.05330223053616649,0.9885197067180832,122.49951364357753,0.4163437818038525,4.871888598781549,7.803696016366066,0.0024882937965336406,0.04988280060836241,0.9849841691319184
snail (63).jpg,snail,prepo2_resize+grayscale+median,11.4663430156658,0.4780774486775152,1.9069843342036554,7.227439245835294,0.001474895489907512,0.03840436810972825,0.9973368809812693,34.37297906107614,0.33866519969940634,3.374750422362157,7.787242293093399,0.0008165604142342919,0.02857552124169027,0.9919923049015849,22.27545955882353,0.38462470465934023,2.7995404411764704,7.604128515147962,0.0009842436110643876,0.03137265706095656,0.9948090364480262,29.62771719653919,0.34440330924839113,3.303117800645062,7.763920485133649,0.0008557941380264134,0.02925395935640872,0.9930976869576951
snail (65).jpg,snail,prepo2_resize+grayscale+median,34.09317885117493,0.4959536495277886,2.897886749347258,7.27544743153412,0.0030016768854641824,0.054787561411913405,0.9945242101609445,105.19802385706238,0.36612720461242704,5.2071980750524745,7.787305075043915,0.0017782715790663818,0.042169557491944135,0.9831538179272757,74.67304942810458,0.3941678940487747,4.4216605392156865,7.659287369062796,0.002006792655702668,0.044797239375910965,0.9880199389326425,101.0508165668356,0.369091575895492,5.225945835253161,7.812547373031369,0.0017752220801210753,0.04213338438959153,0.9838179252958922
snail (68).jpg,snail,prepo2_resize+grayscale+median,29.807298466057443,0.40027784651893916,3.239862108355091,8.040669248094218,0.001130126475042836,0.03361735377811341,0.9966582553269697,119.7185890544207,0.28176798919224133,5.9095479445041725,8.539776147686418,0.0008301931291583315,0.028813072192293752,0.9866166252855689,83.70776143790849,0.3096959073571252,4.912275326797386,8.377195964025349,0.0009106944878305353,0.03017771508631055,0.9906629754994126,90.66424000409563,0.2898093995811639,5.4637894844621915,8.501367858595973,0.000840368417319404,0.028989108598220195,0.9898645048472463
snail (74).jpg,snail,prepo2_resize+grayscale+median,43.37136912532637,0.30198738151651117,4.112924281984334,7.952515701822161,0.0007100879692152167,0.02664747585072959,0.9835283473485793,86.39269953412176,0.22637688895655617,5.9547534940869316,8.311328368345686,0.0004808952114869979,0.021929323096871865,0.9672545227528779,59.77877859477125,0.25893921367709966,4.930698529411766,8.130412427130771,0.0005937812567582181,0.024367627228727425,0.9773485579983389,97.60668612092354,0.23262741317215418,6.203972764040342,8.332374782273547,0.0005072909509697733,0.022523120364855605,0.9630031614443357
snail (75).jpg,snail,prepo2_resize+grayscale+median,16.675699657310705,0.4125368802005408,2.4946658779373365,6.968373655252827,0.0022992782270827333,0.04795078963982484,0.9900610285590633,35.000174064403836,0.3255456056627563,3.597993139814672,7.329079287032192,0.001566186069564342,0.03957506878786621,0.9791641016026597,22.999611928104574,0.37541327576676,2.906147875816993,7.122666610012275,0.0019615091013172018,0.044288927525028214,0.9862810780362486,37.21636205395997,0.32700829605159537,3.6667997747401833,7.339342324879164,0.0015789891949686836,0.03973649701431523,0.9778447535463032
snail (77).jpg,snail,prepo2_resize+grayscale+median,30.56109252610966,0.36290181501562224,3.129202023498695,7.768577468820714,0.0007587872845669398,0.02754609381685432,0.989569561303834,83.49484462192189,0.28655564730007943,4.773706035939179,8.120880441843992,0.0005409483507687223,0.023258296385778608,0.971482603972265,46.659303513071904,0.3620487300604954,3.451746323529412,7.803232187596566,0.0007605926410682058,0.027578844085062844,0.9840538695128371,62.572426150616906,0.28379712695305237,4.441857369579686,8.084616056857891,0.0005431525867919311,0.02330563422848499,0.9786281890933759
snail (80).jpg,snail,prepo2_resize+grayscale+median,43.30416734660575,0.35567986121569384,3.5614086977806787,8.193276464914467,0.0005012362260242919,0.022388305563938775,0.9962517338750427,107.57659345722622,0.2591433783445894,5.659284288127784,8.645310649079043,0.0003084119866208168,0.017561662410512758,0.9906865857457554,72.03533496732027,0.288358657496591,4.671752450980393,8.491928711528285,0.00035121619347459854,0.018740762884007646,0.99376092550698,102.61558388368402,0.2498168353042617,5.699964163210976,8.67834202367202,0.0002925088299637628,0.01710288952088982,0.9911161936181669
snail (81).jpg,snail,prepo2_resize+grayscale+median,26.897121817885118,0.43599381405965454,2.6615025293733683,7.699665484948525,0.001041480565521486,0.03227197802306958,0.9949683314598865,89.06507960886704,0.27892933437853684,5.489817232375978,8.38205548953766,0.0005281806608828509,0.0229821813778164,0.9833421983609206,59.90937500000001,0.3116133074382425,4.575592320261439,8.224757273506988,0.000598068762031297,0.024455444425143802,0.9887821805058178,75.58188706291915,0.2940666906934681,5.094793426508984,8.331479335012475,0.0005396412728795735,0.023230180216252595,0.9858639614989491
snail (83).jpg,snail,prepo2_resize+grayscale+median,42.91227765992167,0.30028476560099965,3.7080715567885116,7.955201018198631,0.0005623719189173183,0.02371438211122774,0.9883878744785141,142.64503148517892,0.21086694368797518,6.73454154507756,8.493207756320073,0.0003438807389948425,0.018544021651056238,0.9607964672459869,108.38909313725492,0.25224355942768767,5.533680555555556,8.297036457475063,0.0004227121951125904,0.020559965834421767,0.9703897844583698,146.2592842881278,0.21322475758288056,6.792760968617212,8.495852148583584,0.0003466261529658183,0.01861789872584493,0.9598031513661521
snail (84).jpg,snail,prepo2_resize+grayscale+median,41.44908616187989,0.23842840122402872,4.4281984334203655,7.96325845343709,0.000566577242389591,0.023802883068855148,0.9799602278954463,93.88074540521168,0.1900114230172803,6.513397839553576,8.324516293019188,0.0004094194118585104,0.020234115050046304,0.9546707444063568,56.85465686274508,0.214856784327659,5.2219566993464035,8.127349199388423,0.00048306819217168055,0.021978812346705193,0.9725185059461141,84.92027850304612,0.18978910711466707,6.377136128602878,8.314596644722192,0.0003984975140974719,0.019962402513161382,0.9589961095850152
snail (85).jpg,snail,prepo2_resize+grayscale+median,59.462161390339425,0.514107691756367,3.2730499347258486,6.870998447649584,0.03751594809699697,0.19369034074263222,0.992941627314002,103.57954231300874,0.47190345260398114,4.257881533814571,7.056140347446198,0.03613494337127637,0.19009193399846394,0.9876855552757752,54.87189542483661,0.5194647193595978,3.062132352941177,6.823942389549526,0.037023934229022504,0.1924160446247207,0.9934752946256104,114.79414324476525,0.4549089581004506,4.592781446782368,7.1269269947584135,0.0360099708419937,0.18976293326673072,0.9863522382654664
snail (86).jpg,snail,prepo2_resize+grayscale+median,49.44617942232375,0.24897009715781426,4.740525048955614,8.462048591465054,0.0003253635183654385,0.01803783574505097,0.9928191361086345,97.92983156709161,0.19438053666778543,6.676731684841039,8.794131840149348,0.0002344009748395003,0.015310159203597469,0.9857437726200844,71.38035130718954,0.21532077821460482,5.719301470588235,8.641971215242304,0.0002720518567244436,0.01649399456543028,0.9895956089787687,115.97732043208927,0.18201550284081658,7.2854861004454,8.872301145621407,0.00021535941592452646,0.014675129162107108,0.9831166353963834
snail (87).jpg,snail,prepo2_resize+grayscale+median,17.612801892950394,0.4632840355623271,2.3402211161879896,7.611267189490717,0.001125742806951351,0.033552090947530394,0.9968002756604449,39.26791583474121,0.39081720067329545,3.5066912404648543,7.938682746042142,0.0009200239507411279,0.03033189658991221,0.9928698006449678,34.59248366013072,0.4021891462682593,3.3531045751633988,7.882856086858469,0.0010295816066503535,0.03208709408236205,0.9937188711756145,59.32067782726667,0.33079987521773635,4.457646034915271,8.175420968508949,0.0007215270190232565,0.026861254978560786,0.9892287417541831
snail (88).jpg,snail,prepo2_resize+grayscale+median,9.082857375979112,0.5971027529476874,1.5024885770234988,6.82893994268794,0.0026099636556197073,0.051087803393958006,0.9977152951189071,21.277335790713153,0.4760340090148873,2.3286643116776737,7.20561412765132,0.0019382059650668326,0.04402506064807671,0.9946497898742567,14.664287173202617,0.5358241028583982,1.8158394607843138,6.96562252004499,0.00236528019112908,0.0486341463493406,0.996314905974195,23.677479137869245,0.48098076407665036,2.3295039164490863,7.192777409878298,0.0019695705400463964,0.04437984384882845,0.9940462482831902
snail (89).jpg,snail,prepo2_resize+grayscale+median,41.314988577023506,0.3091746972049102,3.973604765013056,8.002479405831137,0.0009457472127468662,0.030753003312633812,0.9949369930575759,81.15665796344646,0.24176801249254537,5.621123227358828,8.348312925699481,0.0006566827460311571,0.025625821860599068,0.9900729793953144,57.21222426470588,0.2776256369404218,4.682832924836601,8.17260352166376,0.0008000147971600133,0.028284532825557034,0.9929929348538402,98.87213433676342,0.23704189433074518,6.081513336405058,8.409161031261553,0.000633843872924572,0.025176256133996013,0.9879060634267091
snail (90).jpg,snail,prepo2_resize+grayscale+median,15.940070169712794,0.41029911983348827,2.4176525783289815,7.250994943982581,0.0011723769862720301,0.034239991037849735,0.9911058952756425,67.72107715148724,0.2657004760401409,5.00204781651564,7.94916817397966,0.0006007723648267265,0.02451065818836219,0.9621997566091439,49.70729166666666,0.30286750396580686,4.152001633986928,7.768221910107501,0.0007206422906087135,0.02684478144088183,0.9722765655669512,55.66231505657093,0.2836478458792784,4.50597450468438,7.85046651066865,0.0006631323773286499,0.02575135680558696,0.9689312911728738
snail (92).jpg,snail,prepo2_resize+grayscale+median,36.20603173955614,0.540952298352708,2.953604357049609,7.401092381568333,0.002428024214288233,0.04927498568531738,0.995578112205397,87.7681564531818,0.40762086974632683,4.845000767931193,7.910702527146261,0.0013957919677057458,0.03736029935246432,0.9892471368112521,51.56373570261439,0.43358159738006896,3.812714460784314,7.74331834313336,0.001562715887519224,0.03953120144290107,0.9936898398347137,74.81768289561255,0.4057118798822288,4.5521834843598015,7.884769478132731,0.0013904333939251867,0.037288515576852706,0.9908337213154699
snail (93).jpg,snail,prepo2_resize+grayscale+median,74.83659024151436,0.25926663449636755,5.3558461161879904,8.530643979013067,0.0013132312676540057,0.0362385329125505,0.9910353309874362,148.03036911892696,0.2219796722242539,7.4220652229560224,8.819402007525351,0.0011655663558140848,0.03414039185208753,0.982306114045029,101.73155637254901,0.24270514726573872,6.182414215686275,8.653110002290493,0.0012785924767851043,0.03575741149447348,0.9878294652868757,175.80830389597094,0.1989720986117352,8.294332667792965,8.921605469703579,0.001120066730742576,0.033467398027671284,0.9789856684121355
snail (94).jpg,snail,prepo2_resize+grayscale+median,87.85277619125326,0.19369131461964445,6.345065682114884,8.533790973244756,0.00029587356724143003,0.01720097576422425,0.9849585846123359,151.77833410126453,0.16840498869648848,8.110919981569651,8.758877130273685,0.0002474725924414849,0.01573126162904568,0.9740564685085837,98.36743259803923,0.1883557821029601,6.612101715686276,8.571322871299163,0.0002922949619236993,0.017096635982663352,0.9831628721170518,175.16682537244662,0.15298284525812744,8.92993395791737,8.848792892140452,0.0002154853797571964,0.014679420280010938,0.9700584992114497
snail (95).jpg,snail,prepo2_resize+grayscale+median,75.63617819843341,0.24153221449820803,5.571271214099217,8.707560601703054,0.0002768896693083454,0.016640002082582362,0.9923561386124206,174.0225055035069,0.18240319254767634,8.483120872369836,9.10024172461175,0.00018745252980496006,0.013691330461462103,0.9824091869021326,123.09460784313723,0.20372750591687125,7.1483864379084965,8.93774388744629,0.0002203694797039867,0.014844846907394724,0.9875554854401848,187.76816669226437,0.17796304383495487,8.851093022065223,9.135368816468677,0.00018285859790003823,0.013522521876485843,0.9810197484332931
snail (96).jpg,snail,prepo2_resize+grayscale+median,44.24082082245431,0.43834716601381246,3.2381486618798956,7.883553390083819,0.000775028347318109,0.027839330942357594,0.9920634490323285,119.199150156146,0.24221799550860174,6.335135411867096,8.611261653326677,0.000346157313798361,0.018605303378294077,0.9786459007962028,85.54736519607843,0.28308269509871453,5.295894607843136,8.439603798452616,0.00042431012778204965,0.020598789473705723,0.9846803363845603,118.59819792146624,0.2776587771533974,6.026386115804024,8.530020618274895,0.0004056571662495275,0.020140932606250574,0.9787534775836525
snail (97).jpg,snail,prepo2_resize+grayscale+median,48.28882792101828,0.4660687632372729,3.2620859171018273,7.556551771693737,0.004355769303072077,0.06599825227286005,0.995842795649488,95.1400296933395,0.3922512893197886,4.722418471304972,7.892054151380887,0.003923083915220848,0.06263452654264139,0.9918103117591687,41.341911764705884,0.4532562058411183,3.0987949346405226,7.567988132566512,0.004204927775508351,0.0648454144524372,0.9964496863823394,71.3363948190242,0.4165972058482259,3.991900885680643,7.760830272906534,0.0040391153188378,0.06355403463854832,0.9938593257710125
snail (98).jpg,snail,prepo2_resize+grayscale+median,16.774059644255875,0.3539321453178854,2.65538307767624,6.941208423145299,0.0017729912654313772,0.04210690282401897,0.9897904899873908,37.84426355398557,0.2857116924158589,3.846352326831516,7.277217576160067,0.0013145483883785977,0.036256701289259584,0.9770276756877332,27.00526960784314,0.33779059908253745,3.096977124183007,7.056429594025217,0.0016660001269877501,0.04081666481950418,0.9835853042538696,42.45435928940767,0.2822702260152704,3.952439461424256,7.288806746900009,0.0013032044619796792,0.03609992329603595,0.9742290043318309
snail (99).jpg,snail,prepo2_resize+grayscale+median,7.255028149477807,0.5341933856030607,1.5571862761096606,6.88448236167946,0.001899499181097264,0.04358324426998596,0.9957833112835845,20.794890697793477,0.407134509268143,2.558531715558286,7.3194372989611605,0.0012263975563393881,0.03501995939945374,0.9879223612982899,12.708772467320264,0.4980401605121047,1.8523590686274511,6.986188786519751,0.001694702841989193,0.04116676866101095,0.9926139316634275,16.708687861567604,0.4319511943826721,2.246864280960426,7.202530497403297,0.001311549788676538,0.03621532532887891,0.990295558534839
